00000513
f1402573
00050463
0000006f
400007b7
00078503
04050663
07500513
068000ef
007d05b7
0000f617
85462603
00500693
00058513
078000ef
00054863
00a60023
00160613
fedff06f
02e00513
038000ef
fff68693
fcd04ee3
06200513
028000ef
0000f117
81c12103
0000f197
80c1a183
00a54533
00b5c5b3
00c64633
6b4030ef
f7dff06f
00478283
fff2c293
0012f293
fe028ae3
00a782a3
00a00293
00551663
00d00513
fe1ff06f
00008067
00050e63
fff50513
00478283
0022f293
fe0288e3
0057c503
00008067
fff00513
00008067
12c1a00e
074dc19c
0650c19a
0452c198
0452c198
0452c198
0650c198
4dc10296
c1049607
06961042
980c42c1
44c14206
44069a06
960646c1
48c14606
48069206
8e064ac1
4cc14a06
4c068a06
86064ec1
50c14e06
50068206
520a52c1
540654c1
560256c1
200007c2
490a7672
5254534e
49544355
53204e4f
20535445
544e4157
204f5420
46204542
0a454552
0001000a
00000000
00000000
00000000
00000000
00000000
00000000
00000000
00000000
00000000
00000000
00000000
00000000
00000000
00000000
00000000
00000000
00000000
00000000
00000000
00000000
00000000
00000000
00000000
00000000
00000000
00000000
00000000
00000000
00000000
00000000
00000000
00000000
00000000
00000000
00000000
00000000
00000000
00000000
00000000
0085d793
00b50023
00f500a3
0105d793
0185d593
00f50123
00b501a3
00008067
00154783
00254703
00054503
00879793
01071713
00e7e7b3
00a7e533
00008067
00154703
00054783
00871713
00f76733
00254783
00354503
01079793
00e7e7b3
01851513
00f56533
00008067
0025d783
0005d703
01079793
00e7e7b3
00f52023
00008067
00000793
00f58733
00074683
00f50733
00178793
00d70023
fef616e3
00008067
000067b7
56478793
02f51323
0000c797
cf478793
00f52823
00600713
00000797
48878793
00f52a23
02e50223
00000793
0000e597
43c58593
00f586b3
0006c603
00f506b3
00178793
00c68f23
fee796e3
5dc00793
00f51e23
01e00793
02f502a3
00000513
00008067
edb886b7
00000713
32068693
00c71463
00008067
00e587b3
0007c783
00800813
00f54533
00157793
40f007b3
00d7f7b3
00155513
fff80813
00a7c533
fe0814e3
00170713
fc9ff06f
00000793
00000713
00b79863
01071513
01055513
00008067
00f506b3
0006c683
00178793
00d70733
fe1ff06f
0000e797
4c87a783
00a7ac23
0000e797
3b478793
0007a703
00170713
00e7a023
0007a703
00170713
00e7a023
0007a703
00170713
00e7a023
00008067
00f00513
fc1ff06f
ff010113
00112623
ff1ff0ef
00c12083
00b00513
01010113
fa5ff06f
fe010113
00812c23
00912a23
01312623
01412423
01512223
00112e23
01212823
00050993
00700493
00000413
0000ea97
43ca8a93
fff00a13
0099d933
00197913
00896513
f5dff0ef
00a96513
f55ff0ef
000aa783
00141413
0ff47413
0147a783
fff48493
0067d793
0017f793
00f46433
fd4494e3
01c12083
00040513
01812403
01412483
01012903
00c12983
00812a03
00412a83
02010113
00008067
ff010113
00812423
00050413
01055513
0ff57513
00112623
f4dff0ef
00845513
0ff57513
f41ff0ef
0ff47513
00812403
00c12083
01010113
f2dff06f
0000e797
3d87a783
ff010113
00812423
00112623
00050413
02078863
fef00793
00f50023
04000793
00f500a3
01800793
00f50123
00100513
00c12083
00812403
01010113
00008067
ec5ff0ef
09f00513
ed9ff0ef
00000513
ed1ff0ef
00a40023
00000513
ec5ff0ef
00a400a3
00000513
eb9ff0ef
00a40123
e8dff0ef
00044783
00079c63
00144783
fa0796e3
00244503
00a03533
fa5ff06f
0ff00713
f8e79ce3
00144703
f8f718e3
00244503
f0150513
fe1ff06f
0000e797
32078793
fff00713
02e7a423
06500713
0007a023
0007a423
0007a623
0007a823
0007aa23
0007ac23
0007ae23
0207a023
0207a223
0207ac23
0207ae23
0407a023
0407a223
0407a423
04e7a623
0407a823
00008067
0000e797
2c878793
0407aa23
0407ac23
0407ae23
0607a023
0607a223
0607a423
0607a623
00008067
0000e797
1a07a423
0000e797
1807ae23
0000e797
1807a823
0000e797
1807a223
0000e797
1607ac23
00008067
0000e597
17458593
0000e897
16888893
0005a783
0008a703
00000513
0000e817
15080813
04061e63
02050c63
00e8a023
00f5a023
02c0006f
00279e13
01c80333
00032683
02d67263
00050663
00e8a023
00f5a023
01c80833
40c686b3
00d82023
00000513
00008067
40d60633
00032023
fff70713
00100513
00000793
fa9ff06f
fa071ce3
fc050ee3
0000e717
0e072423
fa1ff06f
0000e797
0e07ae23
f39ff06f
0005c783
02078063
00054703
00f70663
00000513
00008067
00150513
00158593
fe1ff06f
00054783
00100513
0df7f713
00070663
ff778793
0017b513
00008067
fe010113
00112e23
00050663
00052023
00052223
00b12623
e5dff0ef
eb1ff0ef
00c12583
01c12083
0000d517
4fc50513
02010113
0480d06f
00050663
00052023
00052223
0000d517
4f850513
0300d06f
00058793
0085d583
ff010113
00112623
5ee00713
02b77063
0000d517
4f450513
00c0d0ef
ffe00513
00c12083
01010113
00008067
800006b7
00600713
00e6ae23
00b6aa23
04079c63
800007b7
0107a583
01100713
0000d517
4d050513
0115f693
02e69863
00100713
00e7ae23
000f4737
24070713
0107a683
0086f693
04069e63
04071863
0107a583
0000d517
4b850513
79d0c0ef
ff400513
f91ff06f
0047a503
00a7d583
00000713
01071613
01065613
00b66663
0007a783
f8dff06f
00e50633
00064603
00170713
00c6ac23
fddff06f
fff70713
fa1ff06f
0107a583
fa0706e3
00e5f713
00800693
fad710e3
00400713
00e7ae23
00000513
f31ff06f
ff010113
00112623
00812423
00912223
01212023
08061a63
00058413
08058663
0000e917
02890913
07492503
00060493
00050663
00b50463
311060ef
cedff0ef
d41ff0ef
0000e597
07858593
00040513
0000e797
0607a823
06892a23
651050ef
01e45783
00001597
74858593
00040513
0407e793
00f41f23
641050ef
00000597
e3858593
00040513
649050ef
00c12083
00812403
00012903
00048513
00412483
01010113
00008067
ffa00493
fe1ff06f
ff010113
00112623
00812423
00912223
01212023
08061663
00058413
08058263
0000e917
f7890913
2bc92503
00060493
00050663
00b50463
261060ef
0000e597
21858593
00040513
0000e797
2007a823
2a892e23
5a9050ef
01e45783
00003597
99c58593
00040513
0407e793
00f41f23
599050ef
00000597
dc858593
00040513
5a1050ef
00c12083
00812403
00012903
00048513
00412483
01010113
00008067
ffa00493
fe1ff06f
ff010113
00812423
00050413
00442603
00850513
00912223
40b60633
00058493
00b505b3
00112623
49d030ef
00442783
00c12083
409787b3
00f42223
00812403
00412483
01010113
00008067
ff010113
00812423
00112623
00912223
fff00413
02050a63
06855783
00050493
fff00413
02c7e263
01061613
00100693
01065613
451080ef
00050413
00051663
00048513
131090ef
00c12083
00040513
00812403
00412483
01010113
00008067
ff010113
00112623
00812423
00912223
01212023
08061a63
00058413
08058663
0000e917
d4090913
00092503
00060493
00050663
00b50463
10d060ef
00000593
00040513
00892023
461050ef
01e45783
00000597
4c858593
00040513
0407e793
00f41f23
451050ef
00000597
b6858593
00040513
44d050ef
00000597
bec58593
00040513
449050ef
b1dff0ef
00c12083
00812403
00012903
00048513
00412483
01010113
00008067
ffa00493
fe1ff06f
fe010113
01312623
00058993
01071593
01212823
01412423
00050913
00060a13
0105d593
28000613
03600513
00912a23
01512223
00112e23
00812c23
00068a93
00070493
01d040ef
06050063
00050413
00452503
00048613
000a8593
f30ff0ef
000a0693
00098613
00040593
00090513
5d40a0ef
00050493
00040513
73c040ef
01c12083
01812403
01012903
00c12983
00812a03
00412a83
00048513
01412483
02010113
00008067
fff00493
fd5ff06f
fe010113
00112e23
00812c23
0000e717
4ec70713
00000793
0000e597
b5058593
00600693
00f58633
00064603
00178793
00170713
00c70ea3
fed796e3
00410513
0000e597
b2e58593
e7cff0ef
00810513
0000e597
b2258593
e6cff0ef
00c10513
0000e597
b1658593
e5cff0ef
0000e517
48c50513
4f10a0ef
00412783
0000f417
c6840413
0000e697
ae76c683
80f42a23
00812783
01069693
01c12083
80f42c23
00c12783
80f42e23
0000e797
ac07d783
01812403
0087d713
00879793
00f76733
0000e797
aaa7c783
01071713
01075713
01879793
00d7e7b3
0000e697
a956c683
00d7e7b3
0000e697
a886c683
00869693
00d7e7b3
800006b7
02f6a023
02e6a223
00700793
02f6a423
02010113
00008067
fe010113
01312623
00050993
02e00513
00912a23
01212823
01412423
00112e23
00812c23
00058493
00060a13
6bc0a0ef
fff00913
02050663
01049613
01065613
0000f597
b5458593
00050413
0f80a0ef
00050913
02050863
00040513
5fc0a0ef
01c12083
01812403
01412483
00c12983
00812a03
00090513
01012903
02010113
00008067
00000613
000a0593
00040513
5b80a0ef
0000c7b7
ffd4f493
3b578793
00f49863
00944783
0207e793
00f404a3
0089a023
fadff06f
fe010113
01312623
00050993
02e00513
00912a23
01412423
00112e23
00812c23
01212823
00058493
00060a13
0d1060ef
06050663
01049613
01065613
0000f597
aa058593
00050413
55c050ef
00050493
02050863
00040513
5c4060ef
01c12083
01812403
01012903
00c12983
00812a03
00048513
01412483
02010113
00008067
0ff00593
00040513
74c050ef
00050913
00051a63
00040513
584060ef
fff00493
fbdff06f
00000593
0d9050ef
000a0593
00090513
0fd050ef
0129a023
fa1ff06f
00600713
00050793
0ab77663
00054683
0ff00713
00000513
08e69c63
0017c603
0fe00713
08e61663
0037c703
0a000613
02c71663
01800713
06b77c63
0177c703
00100513
06d71663
0187c703
09b00793
06f71063
01900513
00008067
0a100613
00100513
04c71663
00800713
00000513
04b77063
0087c703
0077c603
00871713
00c76733
00b70513
55000613
02a66063
02a5e263
00e787b3
0097c703
00d71863
00a7c703
09b00793
00f70463
00100513
00008067
00000513
00008067
00050793
fd050513
0ff57693
00900713
02d77863
f9f78713
0ff77713
00500693
00e6e663
fa978513
00008067
fbf78713
0ff77713
fff00513
00e6e463
fc978513
00008067
0000e717
84870713
00072783
00700693
0077f793
00d79c63
0ff00793
0000d517
d5850513
00f72023
01d0c06f
00008067
ff010113
00812423
01212023
00112623
00912223
00060413
00068913
00068a63
04060463
00040513
328040ef
03c0006f
00058493
04061863
0000e797
8107a783
00f59663
0000e797
8007a223
e40ff0ef
00048513
711050ef
00050863
00048513
3cc060ef
ff300913
00c12083
00812403
00412483
00090513
00012903
01010113
00008067
00865583
00048513
5c0050ef
f95ff06f
ff010113
0000d517
cbc50513
00812423
00912223
01212023
00112623
00000493
7600c0ef
0000d417
6f840413
00600913
009407b3
0007c583
0000d517
c9c50513
00148493
73c0c0ef
ff2494e3
02842883
02042803
01842783
00812403
00c12083
00412483
00012903
0000d717
6bd74703
0000d697
6b46c683
0000d617
6ab64603
0000d597
6a25c583
0000d517
c5050513
01010113
6ec0c06f
01700793
1cb7f263
ff010113
00100793
00812423
00912223
01212023
00050413
00058913
00112623
00078593
00000693
0000d497
65448493
00600513
00d40733
00d48633
00074703
00064603
00168693
40e60633
f0170713
00163613
00173713
00c7f7b3
00e5f5b3
fca69ae3
00b7e7b3
14078063
00400613
00640593
0000d517
60e50513
974ff0ef
00400613
00a40593
0000d517
60650513
960ff0ef
01544683
01444783
00869693
00f6e6b3
01900793
0d27f463
00f44703
00e44783
01044603
00871713
00f76733
01144783
01344503
01844583
00879793
00c7e7b3
01944603
01244803
00851513
00861613
00b66633
00068593
010566b3
00071663
0000c737
3b470713
00079663
0000c7b7
3b478793
00069663
0000c6b7
3b568693
00059663
0000c5b7
3b558593
00061663
0000c637
3b760613
00f4ae23
0000d517
b5050513
00100793
00e4ac23
02d4a023
02b4a223
02c4a423
0000d717
5cf72023
58c0c0ef
00812403
00c12083
00412483
00012903
01010113
df5ff06f
01044703
00f44783
01144603
00871713
00f76733
01244783
01744583
00879793
00c7e7b3
01644603
00859593
00c5e5b3
0284a603
f4dff06f
00c12083
00812403
00412483
00012903
01010113
00008067
00008067
02000713
00900693
00054783
00e78463
00d79663
00150513
ff1ff06f
00008067
fc010113
02812c23
00d106a3
02112e23
02912a23
03212823
03312623
00c10623
00050413
00200693
00078663
00e10723
00300693
000037b7
41278793
01010713
00f11823
00b12a23
00d10923
000109a3
00000793
00070493
00c10593
00f58633
00064603
00078913
00178793
00c70423
00170713
fef694e3
02090793
002787b3
05500713
fee78ca3
faa00713
00b90593
fee78d23
00048513
00b489b3
840ff0ef
00855793
00a98023
00f980a3
00040c63
00042503
00050863
00d90613
00048593
eb0ff0ef
03c12083
03812403
03412483
03012903
02c12983
04010113
00008067
ff010113
00812423
00455713
00112623
00900693
00050413
0ff77793
02e6ea63
03078793
0ff7f513
17c0c0ef
00f47713
00900793
05770513
00e7e463
03070513
00812403
00c12083
01010113
1580c06f
05778793
fd1ff06f
0000d797
4987a783
ff010113
3e800593
0107a503
00112623
7b40c0ef
00c12083
01010113
00008067
fe010113
00912a23
00050493
00812c23
00149413
00940433
00341413
00940433
01412423
01512223
01612023
00112e23
01212823
01312623
00341413
f9dff0ef
00050a13
3e840413
00000a93
0000db17
468b0b13
004b2983
06099463
f91fe0ef
00500513
fa5fe0ef
00000513
f9dfe0ef
00050913
f71fe0ef
00197793
04078263
001a8a93
01546863
f51ff0ef
41450533
fc9562e3
01c12083
01812403
01412483
01012903
00812a03
00412a83
00012b03
00098513
00c12983
02010113
00008067
00100993
fd1ff06f
00061663
00100513
00008067
ff010113
010007b7
00912223
01212023
00112623
00812423
40a787b3
00050913
00060493
00c7f663
00000513
0300006f
0000d797
3b47a783
00058413
02078c63
00000793
fff00693
00f40733
00d70023
00178793
fef49ae3
00100513
00c12083
00812403
00412483
00012903
01010113
00008067
00001537
38850513
eb1ff0ef
fa0504e3
e95fe0ef
00300513
ea9fe0ef
00090513
f3dfe0ef
009404b3
00000513
e95fe0ef
00a40023
00140413
fe9418e3
e61fe0ef
fa5ff06f
0000d797
32c7a783
ff010113
00812423
00912223
01212023
00112623
00050913
00058413
00060493
00079a63
e35fe0ef
00600513
e49fe0ef
e21fe0ef
e25fe0ef
00200513
e39fe0ef
00090513
ecdfe0ef
009404b3
00044503
00140413
e21fe0ef
fe941ae3
df5fe0ef
00812403
00c12083
00412483
00012903
1f400513
01010113
df5ff06f
fe010113
00912a23
01212823
01312623
01412423
01512223
00112e23
00812c23
00050913
00058993
00060493
10000a13
0000da97
274a8a93
00049663
00100513
0400006f
0ff97413
408a0433
0084f463
00048413
004aa783
00078a63
00890933
008989b3
408484b3
fd1ff06f
00040613
00098593
00090513
f05ff0ef
fe0510e3
01c12083
01812403
01412483
01012903
00c12983
00812a03
00412a83
02010113
00008067
fd010113
02912223
0000d497
1f848493
0084a683
03212023
02112623
02812423
01312e23
00b68933
02d97263
00000513
02c12083
02812403
02412483
02012903
01c12983
03010113
00008067
01c4a783
0727f263
0204a403
0486fe63
00078713
00d7f463
00068713
00897463
00090413
40e40433
40f709b3
40d70733
00e505b3
0284a503
00040613
00b12623
bf5fe0ef
00c12583
02a4a423
00040613
00098513
ebdff0ef
f80504e3
0244a783
008787b3
02f4a223
0124a423
00100513
f75ff06f
fb010113
03312e23
03512a23
03612823
04112623
04812423
04912223
05212023
03412c23
03712623
20000793
00050b13
00058993
00060a93
02f61063
01058513
ab5fe0ef
deadc7b7
eef78793
00f51a63
000a8a13
0280006f
0ff00793
18c7f863
08098513
a91fe0ef
deadc7b7
eef78793
00c00a13
10f51a63
10000a13
00898513
a75fe0ef
fff50713
010007b7
00050913
14f77e63
00098513
a5dfe0ef
012567b3
0ff7f793
00050493
14079263
00c98513
a45fe0ef
0000d417
08c40413
03c42783
00050b93
0e079a63
d59fe0ef
0000d797
0307a783
01c10513
0007c583
0015b593
00b42223
00b12623
c85fe0ef
00c12583
00051c63
0000c517
4f050513
72d0b0ef
00400a13
0840006f
01c14603
01d14683
01e14703
000a0793
000b8893
00090813
0000c517
4dc50513
02c42623
02d42823
02e42a23
6f50b0ef
00442783
06079e63
00100793
02f42c23
0000d797
0207aa23
03700793
04f42023
0000d797
0207a623
000017b7
fff78793
00f907b3
fffff737
00e7f7b3
04f42423
06500793
04f42623
05642823
0ff00a13
04c12083
04812403
04412483
04012903
03c12983
03412a83
03012b03
02c12b83
000a0513
03812a03
05010113
00008067
00942823
014484b3
00942e23
009904b3
01442623
0000d797
fa07a823
01242a23
01742c23
02942023
0124ba33
0124f863
c39fe0ef
00100a13
f99ff06f
00100793
00f42023
0000d797
f407a623
0000d797
f607a023
fff00793
000a8593
00098513
02f42423
d25ff0ef
f60514e3
bfdfe0ef
ed9ff06f
0000d797
f1478793
0007a703
16070863
fe010113
01412423
01512223
0247aa03
0147aa83
00112e23
00812c23
00912a23
01212823
01312623
01612023
055a0463
000a8613
000a0593
0000c517
3c850513
5ad0b0ef
ba1fe0ef
00100513
01c12083
01812403
01412483
01012903
00c12983
00812a03
00412a83
00012b03
02010113
00008067
0287a483
0187a903
fff4c493
02990263
00090613
00048593
0000c517
39c50513
5590b0ef
b4dfe0ef
00300513
fadff06f
0047a983
04099263
00001537
38850513
99dff0ef
08050663
981fe0ef
00300513
995fe0ef
00000513
edb88b37
a25fe0ef
fff00413
320b0b13
033a9a63
955fe0ef
fff44593
06b91a63
00090693
00048613
000a0593
0000c517
3a050513
4ed0b0ef
ae1fe0ef
00000513
f41ff06f
00000513
945fe0ef
00a44433
00800713
00147793
40f007b3
0167f7b3
00145413
fff70713
0087c433
fe0714e3
00198993
f9dff06f
0000c517
30c50513
4a10b0ef
a95fe0ef
00400513
ef5ff06f
00090613
0000c517
30c50513
f2dff06f
00400513
00008067
fa010113
03812c23
0000dc17
d88c0c13
038c2783
04112e23
04812c23
04912a23
05212823
05312623
05412423
05512223
05612023
03712e23
03912a23
03a12823
03b12623
34079463
00003ab7
00c50793
00050413
00100a13
412a8a93
00800c93
70000d13
00f12223
03700d93
00442783
30078e63
054c2483
28049263
31478863
00845703
05570263
00940713
00100593
01200893
03400613
00158693
00f6fa63
00074503
01151c63
00174503
00c51863
00040513
dedfe0ef
fb5ff06f
00170713
00068593
fd5ff06f
2cfcf263
00b44583
00a44703
01044903
00859593
00e5e5b3
fff58b13
016d7663
00100593
fc5ff06f
00412503
00b12623
00f12423
052c2c23
e44fe0ef
04ac2e23
0000d717
ce072823
00812783
00c12583
00050993
01b91663
054c2a23
f49ff06f
03800713
04e91463
000c2783
00079663
00400793
06fc2423
00900593
00840513
f10fe0ef
06ac2223
076c2023
0000d797
ca07a423
00900593
00040513
d3dfe0ef
00200793
04fc2a23
efdff06f
00c58b93
24000713
17776c63
00844683
01200713
f6e690e3
00944683
03400713
f4e69ae3
1f77ea63
00840793
00b78733
00874603
05500693
f2d61ee3
00974683
0aa00713
f2e698e3
00a58b13
00078513
000b0593
00f12423
e8cfe0ef
00812783
016787b3
0007c703
0017c783
00879793
00e7e7b3
f0f510e3
03d00793
02f91a63
87dfe0ef
0000c517
15c50513
2790b0ef
00000793
00000713
00048693
00090613
00098593
00040513
d60ff0ef
0bc0006f
03900793
00f91863
c51ff0ef
00050493
fd1ff06f
03a00793
00f91663
831fe0ef
fc1ff06f
03b00793
0af91063
821fe0ef
0000d797
af87a783
01c10513
0007c783
0ff7fb13
0017b793
00fc2223
f4cfe0ef
06050863
f80b06e3
01e14603
00800593
00100693
ff060713
0ff77713
010007b7
00e5e463
00c697b3
0000d717
b2072823
03b00713
04ec2023
0000d717
b2072423
00001737
fff70713
00e787b3
fffff737
00e7f7b3
04fc2423
06500793
02dc2c23
04fc2623
053c2823
000b8593
dd1ff06f
00400493
f1dff06f
00600493
f15ff06f
00600793
e45ff06f
07449a63
00b44483
00a44703
00849493
00e4e4b3
fff48493
20000713
00048993
00977463
00070993
00998913
0727e263
05cc2503
00098613
01140593
919ff0ef
0ff00793
04f50663
06ac2423
00090593
00840513
d08fe0ef
413484b3
06ac2223
069c2023
0000d797
a807ae23
00090593
df5ff06f
00200713
04e48a63
00300493
06cc2783
0ef4e863
00442703
0c071263
05c12083
05812403
05412483
05012903
04c12983
04812a03
04412a83
04012b03
03c12b83
03812c03
03412c83
03012d03
02c12d83
06010113
00008067
060c2483
00078593
00f4f463
00048593
06058263
064c2983
00840913
00090513
00b12423
c6cfe0ef
00a989b3
01099993
068c2783
0109d993
073c2223
00812583
02079263
000c2783
00078e63
00090513
f78ff0ef
00812583
00051663
00400793
06fc2423
40b484b3
00040513
069c2023
a69fe0ef
060c2783
f40796e3
00300793
d25ff06f
00178713
06ec2623
00844703
00fc07b3
00100593
00040513
06e78823
a39fe0ef
f11ff06f
070c5703
0000b7b7
a5578793
02f71a63
0000d717
98174703
0000d797
9787c783
00e787b3
064c2703
00e787b3
0000d717
96675703
01079793
0107d793
02e78063
058c2583
0000c517
eb050513
7bc0b0ef
db0fe0ef
00300793
06fc2423
068c2683
058c2603
05cc2583
00000793
00000713
00040513
a98ff0ef
0000d797
8e07ae23
b7dff06f
fe010113
00912a23
01212823
00112e23
00812c23
01312623
01412423
01512223
01612023
00060493
00068913
02068e63
00060663
00060513
288030ef
01c12083
01812403
01412483
00c12983
00812a03
00412a83
00012b03
00090513
01012903
02010113
00008067
00050413
00058993
02061a63
00050663
00052023
00052223
cfcfe0ef
d50fe0ef
00098513
649040ef
fa0506e3
00098513
304050ef
ff300913
f9dff06f
0000d797
8307a783
0a079063
00865583
00098513
00048a13
500040ef
23f00a93
004a2b03
00000993
00aa5783
02f9e063
000a2a03
fe0a16e3
00048513
1e0030ef
00040513
a25ff0ef
f51ff06f
00442783
02faf463
00040513
a11ff0ef
00442783
00fafc63
00042223
c70fe0ef
0000c517
d8450513
66c0b0ef
00442783
00faee63
00178713
00e42223
013b0733
00074703
00f407b3
00e78423
00198993
01099993
0109d993
f85ff06f
fff00913
eedff06f
0000c797
74c7a783
ff010113
00812423
00912223
00112623
00050493
00058413
00079a63
a5cfe0ef
00600513
a70fe0ef
a48fe0ef
a4cfe0ef
02000513
a60fe0ef
00048513
af4fe0ef
a30fe0ef
00040513
00812403
00c12083
00412483
01010113
a34ff06f
fd010113
03212023
00078913
fff00793
00f80023
ffe00793
00f800a3
00c00793
02812423
02912223
01312e23
00f80123
02112623
01412c23
01512a23
00a801a3
00b80223
00c802a3
00d80323
0a100793
00070993
00060493
00080413
04500713
1cf51e63
14e61263
00500793
00000513
0927fa63
00198513
800fe0ef
0059c483
0049c783
0009ca83
00849493
00f4e4b3
53f00793
000a8a13
0097f463
00078493
010007b7
40a787b3
0097f463
00078493
00855793
00f405a3
01055793
00f40623
0084d793
015404a3
00a40523
009406a3
00f40723
080a9c63
ffa90913
0124f463
00048913
00090613
00698593
b54ff0ef
06051863
00855793
00a406a3
00f40723
00650513
00855793
00a403a3
00f40423
00a40433
fff00793
00f404a3
f9b00793
00f40523
00b50513
02c12083
02812403
02412483
02012903
01c12983
01812a03
01412a83
03010113
00008067
014987b3
0067c703
014407b3
001a0a13
00e787a3
ff4916e3
00090513
f8dff06f
00100793
02fa9463
00048613
00f40593
97cff0ef
00051863
000406a3
00040723
00000493
00648513
f71ff06f
000406a3
00040723
00600513
f61ff06f
f8360493
00100793
0497e863
04069663
07000793
00f804a3
06500793
00f80523
06700793
00f805a3
07500793
00f80623
07300793
00f806a3
05f00793
00700513
00f80723
03100793
00a803a3
00080423
00f807a3
f15ff06f
54500793
00090513
0127f463
00078513
00855793
00f40423
00a403a3
00000793
eef508e3
00f98733
00074683
00f40733
00178793
00d704a3
fe9ff06f
00780913
01780a13
00090793
16e61063
00298513
e29fd0ef
0019ca83
0009c483
015103a3
00090023
00190913
ff2a1ce3
00855993
01055913
00200793
0ff57a13
0ff9f993
0ff97913
08f48463
0497e463
04049a63
00100613
00710593
9a8ff0ef
00051463
06900a93
000403a3
01540423
014404a3
01340523
012405a3
fff00793
00f40ba3
f9b00793
00f40c23
01900513
e5dff06f
00300793
06f48863
009403a3
01c0006f
00100613
00710593
810ff0ef
00100793
00f403a3
00051663
06900793
0080006f
00714783
00f40423
fa5ff06f
0000c797
3dc7a783
00078a63
00000793
00200713
00e403a3
fe1ff06f
fffff7b7
3e800593
00f57533
c69ff0ef
fe0510e3
06900793
fddff06f
00810513
fc9fd0ef
06900713
02050063
00814783
0fd00693
06700713
fff78793
0ff7f793
00f6f463
06900713
0000c797
3787a783
00e403a3
00000493
02079063
e99fd0ef
00500513
eadfd0ef
00000513
ea5fd0ef
00050493
e79fd0ef
00940423
f09ff06f
00078023
00178793
fefa1ce3
00100793
26f69663
01000613
00098593
00090513
d15fd0ef
03000793
0a97e063
01f00793
01000713
0697e863
0ee48663
06000793
ecf498e3
00098513
ca9fd0ef
0000c797
1aa7a823
4e5247b7
55378793
00f12423
0000c797
2e07a783
00a12623
ea0792e3
3e800593
003ff537
b7dff0ef
00050c63
00800613
00c105b3
003ff537
f89fe0ef
e80510e3
0000c517
8b850513
1880b0ef
e71ff06f
fe048793
1af76063
0000c717
d0c70713
00279793
00e787b3
0007a783
00e787b3
00078067
04b00793
14f48c63
0297e863
04600793
0ef48e63
04700793
f4f49ee3
0019c783
0009c703
00879793
00e7e7b3
0000c717
1ef72423
e15ff06f
05300793
0af48663
05500793
f2f498e3
00098513
bddfd0ef
0000c797
0ea7a423
df1ff06f
0019c783
0009c703
00879793
00e7e7b3
0029c703
01071713
00f76733
0039c783
01879793
00e7e7b3
0000c717
1af72023
dbdff06f
0019c783
0009c703
00879793
00e7e7b3
0000c717
18f72023
da1ff06f
0019c783
0009c703
00879793
00e7e7b3
0000c717
16f72023
d85ff06f
0009c783
0000c717
14f72623
d75ff06f
0009c783
0000c717
08f72423
d65ff06f
00198513
b1dfd0ef
0000c797
12a7a023
00498513
b0dfd0ef
0000c797
10a7a623
d41ff06f
00600613
00098593
0000c517
fe450513
b51fd0ef
0000c797
06c7a783
d20780e3
c64fe0ef
d19ff06f
00098513
af1fd0ef
0000c797
00a7a623
d05ff06f
00098513
addfd0ef
0000c797
fea7aa23
cf1ff06f
00098513
ac9fd0ef
0000c797
fca7ae23
00498513
ab9fd0ef
0000c797
fca7a423
ccdff06f
fd548713
00400793
dee7e6e3
00171793
00e787b3
00279793
0000d517
91c50513
00c00613
00098593
00f50533
ac1fd0ef
c99ff06f
03100713
02976863
c897f6e3
ffe48793
02f00713
c8f760e3
0000c717
b6870713
00279793
00e787b3
0007a783
00e787b3
00078067
05500793
0297ea63
03f00793
c497fae3
fc048493
01500793
c497e4e3
0000c717
bf070713
00249493
00e484b3
0004a783
00e787b3
00078067
06000793
c2f492e3
0000c597
f0c5a583
0540006f
03300793
00f403a3
00f40423
05300793
00f404a3
04000793
00f40523
fa000713
00f40723
00f408a3
04100793
000405a3
00040623
00e406a3
000407a3
00040823
00f40923
bd1ff06f
0000c597
fa85a583
00090513
0cc0006f
0000c797
f947a783
00f403a3
0087d793
00f40423
ba9ff06f
0000c797
f787a783
fe9ff06f
ae9fe0ef
3e800593
2ac0b0ef
00357513
01d50513
00a403a3
b81ff06f
acdfe0ef
57800593
2900b0ef
00357513
01a50513
fe5ff06f
0000c797
f347a783
00f403a3
b59ff06f
aa5fe0ef
6a400593
2680b0ef
00357513
01f50513
fbdff06f
0000c797
e587a783
fd9ff06f
000403a3
b2dff06f
0000c597
e285a583
f5dff06f
0000c597
e185a583
f51ff06f
0000c597
e085a583
00090513
8a5fd0ef
0000c597
df45a583
00b40513
895fd0ef
af1ff06f
0000c597
ddc5a583
f21ff06f
fd548493
00149793
009787b3
00279793
0000c597
73c58593
00c00613
00f585b3
00090513
e21ff06f
00400613
0000c597
d6a58593
00090513
8cdfd0ef
00400613
0000c597
d6258593
00b40513
df9ff06f
000403a3
0000c717
d3c70713
01872783
00f40423
0087d793
00f404a3
01c72783
00f40523
0087d793
00f405a3
a65ff06f
000403a3
0000c717
d0c70713
02072783
00f40423
0087d793
00f404a3
02472783
fd1ff06f
00600613
0000c597
ce858593
00090513
851fd0ef
00600613
0000c597
cd458593
00d40513
d7dff06f
0000c797
de07a783
e59ff06f
00100793
00f403a3
0000c797
dc87a783
0087d713
00f40423
0107d793
00f40523
0000c797
dac7a783
00e404a3
00f405a3
0087d713
0107d793
00e40623
00f406a3
9c9ff06f
00200793
00f403a3
00f40423
00300793
00f404a3
9b1ff06f
a8010113
56812c23
57212823
57612023
55712e23
56112e23
56912a23
57312623
57412423
57512223
0036ca83
0a100793
00050913
00058b13
00060b93
00068413
0efa8663
00768a13
01000493
00644683
00544603
00444583
00048793
00010813
000a0713
000a8513
e8cff0ef
00050713
00050993
00010693
000b8613
000b0593
00090513
fc1fd0ef
00644603
00544583
00050713
00050913
00098693
0000b517
36850513
41d0a0ef
0a100793
02fa9463
00544703
06000793
00f71e63
00644703
00100793
00f71863
00048593
000a0513
d08fe0ef
06091863
0000c717
bec70713
00072783
0ff00693
04d78e63
00544603
06000693
04d60863
57812403
57c12083
57412483
57012903
56c12983
56812a03
56412a83
56012b03
55c12b83
0027e793
00f72023
58010113
b54fe06f
0086c483
0076c783
00968a13
00849493
00f4e4b3
f0dff06f
57c12083
57812403
57412483
57012903
56c12983
56812a03
56412a83
56012b03
55c12b83
58010113
00008067
a9010113
56812423
0085d403
56912223
57212023
55312e23
55412c23
55000793
56112623
00060993
00050913
00058493
00068a13
00078613
0087e463
00040613
01061613
00010593
00000693
01065613
00048513
3f5020ef
00048513
630020ef
55000793
00040593
0087f463
00078593
00010513
998fe0ef
00100793
00a7fc63
00010693
000a0613
00098593
00090513
e01ff0ef
56c12083
56812403
56412483
56012903
55c12983
55812a03
57010113
00008067
00058513
00060593
00068613
00070693
00058463
f39ff06f
00008067
50060463
ed010113
11412c23
00865a03
12812423
13212023
11312e23
11512a23
11612823
12112623
12912223
04000793
00058993
00060913
00068a93
00070413
000a0b13
0147f463
00078b13
000a0613
0147f463
04000613
00410493
01061613
00000693
01065613
00048593
00090513
309020ef
00090513
544020ef
01000793
3547f663
01100613
0000b597
6e858593
00048513
4c50a0ef
32051a63
00000793
04410493
05000713
00f486b3
00068023
00178793
fee79ae3
eff00793
04f11223
00048913
00048713
00000793
0000b597
6b858593
00b00693
00f58633
00064603
00178793
00170713
00c700a3
fed796e3
00100793
04f108a3
000057b7
00178793
04f11923
00600613
fff00793
0000c597
91058593
05810513
04f12a23
c74fd0ef
00400613
0000c597
8fe58593
05e10513
c60fd0ef
00400613
0000c597
8f658593
06210513
c4cfd0ef
0000c797
8ec7d783
0000b617
64060613
00900713
06f11323
0000c797
8d87d783
06f11423
0000c797
8d07d783
06f11523
0000c797
8c87d783
06f11623
ffffc7b7
3b678793
06f11723
0000c797
8b47d783
06f11823
00000793
00f606b3
0006c683
00178793
00190913
02d906a3
fee796e3
756767b7
57078793
06f12e23
000067b7
f7378793
08f11023
03100793
08f10123
ffffa7b7
bff78793
00098513
05000713
00048693
00040613
0000d597
96458593
08f11923
c09fd0ef
0000c797
8447d783
00050993
0087d913
00879793
00f96933
0000c797
8687a783
01091913
01095913
2c078c63
00600613
0000c597
84858593
09410513
b54fd0ef
00600613
0000b597
7d858593
09a10513
b40fd0ef
004507b7
00878793
0af12023
000077b7
c0078793
0af12223
00400613
11ff07b7
0000b597
7ae58593
0ae10513
0af12423
0a011623
b08fd0ef
0000b597
7e858593
00400613
0b210513
af4fd0ef
09410713
0a810593
00000793
00e74603
00f74683
00861613
00c6e6b3
00d787b3
0107d693
00068863
01079793
0107d793
00178793
00270713
fce59ae3
00010737
fff70713
00e7c7b3
01079713
01075713
00875713
00879793
00f767b3
0af11623
00845793
00841413
0087e433
000067b7
80078793
05000613
00048593
0be10513
0a811c23
0af11d23
0b211b23
0a011e23
a60fd0ef
28000613
07a00593
00000513
324020ef
00050413
1a050c63
00452503
07a00613
09410593
a38fd0ef
00040593
0000c517
04c50513
eecfd0ef
00050493
00040513
248020ef
02099463
0000b717
70870713
00072783
0ff00693
00d78c63
0017e793
00f72023
ea5fd0ef
0080006f
fc048ee3
12c12083
12812403
12412483
12012903
11c12983
11812a03
11412a83
11012b03
13010113
00008067
000b0593
00048513
d69fd0ef
00100793
fca7f4e3
00914703
06000693
00d71e63
00048693
00040613
000a8593
00098513
9c5ff0ef
fa5ff06f
01900693
f8d51ee3
00714603
0a000693
f8d618e3
03100693
f8d714e3
00a14703
f8f710e3
00048713
00000793
0000b597
5ec58593
00600613
00f586b3
00774503
0006c683
f4d51ee3
00178793
00170713
fec794e3
01110513
8f0fd0ef
a00d07b7
eff78793
08f12a23
00814783
00050913
08010d23
08f10c23
03100793
08f10ca3
09410693
00700793
01700713
00f485b3
0005c583
00f68633
00178793
00b60023
fee796e3
fff00793
0af105a3
01900713
f9b00793
00040613
0000c597
69858593
00098513
0af10623
939fd0ef
ec091ae3
ba4fd0ef
bf8fd0ef
0000b517
73052503
ec0500e3
1b0040ef
0000b797
7207a023
0000b797
7007ae23
ea9ff06f
ea0992e3
e79ff06f
00008067
a8010113
56812c23
57412423
56112e23
56912a23
57212823
57312623
0035c983
0a100793
00050a13
00058413
0af98463
00758913
01000493
00644683
00544603
00444583
00048793
01010813
00090713
00098513
f55fe0ef
00050613
00a12623
01010593
000a0513
f80fd0ef
00c12683
00644603
00544583
00050713
0000b517
c6850513
4f00a0ef
0a100793
02f99463
00544703
06000793
00f71e63
00644703
00100793
00f71863
00048593
00090513
dddfd0ef
57c12083
57812403
57412483
57012903
56c12983
56812a03
58010113
00008067
0085c483
0075c783
00958913
00849493
00f4e4b3
f51ff06f
fd010113
02912223
01312e23
02112623
02812423
03212023
01412c23
01512a23
01612823
01712623
01812423
00060493
00068993
04068263
00060663
00060513
785010ef
02c12083
02812403
02412483
02012903
01812a03
01412a83
01012b03
00c12b83
00812c03
00098513
01c12983
03010113
00008067
00050413
00058913
02061663
00050663
00052023
00052223
00090513
345030ef
fa0506e3
00090513
000040ef
ff300993
f9dff06f
00865583
00090513
20c030ef
00048793
54f00613
0047a503
00a7d583
00000693
01069713
01075713
06b76e63
0007a783
fe0792e3
00048513
00010a37
6dd010ef
00100a93
effa0a13
00840493
0ff00b13
0fe00b93
00442c03
f58af0e3
00845783
09478063
00940793
00100913
00190713
01870a63
0007c683
05669e63
0017c683
05769a63
412c0633
012485b3
00048513
238010ef
00442503
41250533
00a42223
fb5ff06f
00442703
02e66263
00170813
01042223
00d50833
00084803
00e40733
01070423
00168693
f59ff06f
00042223
ff5ff06f
00178793
00070913
f91ff06f
000c0593
00048513
9b1fd0ef
00050913
ea0504e3
03551063
fffc0613
00940593
00048513
1c4010ef
00442503
fff50513
f8dff06f
00042503
00048593
d4dff0ef
00442603
012485b3
00048513
41260633
198010ef
00442783
41278533
f61ff06f
ff010113
00112623
ed1fd0ef
0000b717
29c70713
00050793
00072503
06300693
40a78633
00c6f663
00f72023
00078513
06400593
6700a0ef
0000b797
2947a783
00157513
00078463
00256513
0000b717
28472703
00c56793
00071463
00456793
0000b717
31072703
00c12083
00f72423
01010113
00008067
fe010113
0000b597
1c258593
00410513
00112e23
00812c23
00912a23
d01fc0ef
0000b597
1aa58593
00810513
cf1fc0ef
0000b597
19e58593
00c10513
ce1fc0ef
00009817
5a880813
ffffd797
d0c78793
00000713
00c10693
00810613
00410593
0000c517
af050513
071010ef
02051463
0000b517
95050513
1ac0a0ef
00100513
01c12083
01812403
01412483
02010113
00008067
00100793
0000b717
1af72e23
db8fd0ef
0000c517
aac50513
0f9010ef
0000c517
aa050513
0f9010ef
0000c517
a9450513
1a5010ef
0000b417
0f840413
eb9ff0ef
02842583
fffff617
6cc60613
0000b517
18c50513
e80fd0ef
02842603
00050493
00050593
0000b517
8e050513
1240a0ef
f6049ce3
02042583
fffff617
67c60613
0000b517
15450513
e4cfd0ef
02042603
00050493
00050593
0000b517
8d450513
0f00a0ef
f40492e3
01842583
ffffd617
3b860613
0000b517
11c50513
ed0fd0ef
01842603
00050493
00050593
0000b517
8c850513
0bc0a0ef
f00498e3
02042583
ffffd617
23060613
0000b517
0e450513
e9cfd0ef
02042603
00050493
00050593
0000b517
8bc50513
0880a0ef
ec049ee3
0000c5b7
ffffd617
14c60613
3b658593
0000b517
0a850513
e64fd0ef
0000c637
00050413
00050593
3b660613
0000b517
8a850513
04c0a0ef
00803533
ea1ff06f
f8010113
07312623
0000b997
10c98993
06812c23
0009a403
06112e23
06912a23
07212823
07412423
07512223
07612023
05712e23
05812c23
05912a23
05a12823
05b12623
00100793
00f42423
00144503
001e85b7
48058593
3440a0ef
fff50513
00a42623
0000b517
85c50513
7d5090ef
0009a783
0000b417
0e440413
00800613
0007c783
01c10593
003ff537
0017b793
00f42223
cd9fd0ef
14051e63
6d9000ef
821fd0ef
0009a783
0007c783
16078863
d6dff0ef
620516e3
0000bb17
fb0b0b13
80000937
0009a703
00d00a13
0000c497
08c48493
01872783
0017c793
00f72c23
cc5ff0ef
0009ab83
004bc783
0027f793
28079c63
0000b797
f787a783
00078e63
0000b797
f607a623
0000b797
f687a783
00078463
b60fd0ef
0000ba97
f18a8a93
000aa703
01f00793
0ae7f663
0000b797
ee478793
0007a583
0000b517
8cc50513
00158593
00b7a023
6f9090ef
0000b797
f207ae23
0000b797
f207a823
0000b797
f207a223
0000b797
f007ac23
0000b797
f007a623
0000b797
f007a023
0000b797
2807ac23
0000b797
2807aa23
0000b797
0407a023
0000b797
0207ae23
c9dfc0ef
d19fc0ef
0000b797
e807ae23
0000b797
ec07a023
0000b797
ea07ae23
0000b797
e407ac23
0000b797
e607a623
5a9000ef
c4dff0ef
00092603
00167793
62079663
00667613
66060063
00200793
00f92623
6540006f
01c10513
915fc0ef
4e5247b7
55378793
e8f51ce3
02010513
901fc0ef
0000b797
e0a7a423
e85ff06f
0000b917
fb090913
00090793
00000613
10000713
00c78423
00160613
00178793
fee61ae3
0000b597
f9458593
fff00513
98dfc0ef
0000b717
f7c70713
0ff00793
fff00693
00f70423
fff78793
00170713
fed79ae3
0000b597
f6458593
10000613
95dfc0ef
fff54593
0000b717
14870713
0000b797
f4078793
00078423
00178793
fef71ce3
20000613
0000b517
f3c50513
08c42223
81dfc0ef
deadc7b7
eef78793
0000b597
f1858593
20000613
00000513
08f42623
d49fd0ef
00050493
0000b797
ef478793
00000593
10000713
00b78423
00158593
00178793
fee59ae3
0000b517
edc50513
c59fd0ef
00050a13
0ff00793
fff00713
00f90423
fff78793
00190913
fee79ae3
10000593
0000b517
eb050513
c2dfd0ef
04049263
040a0063
02050e63
f09fd0ef
02051a63
0000a517
58c50513
4f5090ef
0000b717
cf470713
00072783
0ff00693
d4d788e3
0047e793
00f72023
c90fd0ef
d41ff06f
00048593
0000a517
56c50513
4c1090ef
d2dff06f
005bc683
000b2783
0ff6f713
01468663
00a00693
40d71c63
d40782e3
00f487b3
0000b517
62c50513
86078e23
f70fd0ef
00050a93
00054783
0df7f713
00070a63
00900713
00e78663
00150513
fe9ff06f
f4cfd0ef
000ac783
00050c13
1a078063
0000a597
51c58593
000a8513
b91fc0ef
00051c63
0000a597
51058593
000a8513
b7dfc0ef
00050663
cb0fd0ef
1700006f
0000a597
4f858593
000a8513
b61fc0ef
00051c63
0000a597
4ec58593
000a8513
b4dfc0ef
08050c63
000bc783
01810513
00010c23
0017b793
00f42223
00010ca3
00010d23
929fc0ef
01814c03
01914b83
01a14a83
02050c63
0000a517
4b050513
3c9090ef
000c0513
fa4fd0ef
000b8513
f9cfd0ef
000a8513
f94fd0ef
0000a517
4a050513
3a5090ef
0e40006f
0000a517
47c50513
395090ef
000c0513
f70fd0ef
000b8513
f68fd0ef
000a8513
f60fd0ef
0000a517
47450513
fcdff06f
0000a597
47058593
000a8513
aa5fc0ef
0a050663
00092583
0000b697
b446a683
01092603
0000a517
45050513
341090ef
04000593
18200613
00000513
714010ef
00050a93
0000a597
3a058593
00050663
0000a597
39058593
0000a517
43c50513
30d090ef
000a8663
000a8513
63c010ef
04000593
28000613
00000513
6d4010ef
00050a93
0000a597
36058593
00050663
0000a597
35058593
0000a517
40c50513
2cd090ef
000a8663
000a8513
5fc010ef
0000b797
ae07a223
b59ff06f
0000a597
3f858593
000a8513
9e9fc0ef
08050463
a5a507b7
d0000ab7
00faa023
d0001737
00178793
00f72023
a5a507b7
d0100737
00278793
00f72023
a5a507b7
d1000737
00378793
00f72023
0000a517
3ac50513
25d090ef
0000ab97
774b8b93
0000ac17
77cc0c13
000ba783
0000a517
39450513
004b8b93
ffc7f793
00fa87b3
0007a583
22d090ef
ff8b90e3
0000a517
37850513
e79ff06f
0000a597
37058593
000a8513
951fc0ef
0a050863
000c0513
ce4fd0ef
00050a93
00000c13
fff00d13
00500d93
000ac503
002a8c93
95cfd0ef
00050b93
001ac503
950fd0ef
03ab8c63
03a50a63
01c10793
004b9b93
018787b3
00abe533
00a78023
03a00713
02d00693
03bc1063
000c8513
c8cfd0ef
00054783
02078663
0000a517
2f850513
df1ff06f
002ac783
00e78463
00d79463
003a8c93
001c0c13
000c8a93
f8dff06f
00600613
01c10593
0000b517
90850513
c74fc0ef
d95fc0ef
d2dff06f
0000a597
2cc58593
000a8513
891fc0ef
0a050863
00000a93
00900b93
0ff00c93
00300d13
02e00d93
000c0513
c10fd0ef
00050593
00000693
00000713
00d58533
00054603
fd060793
0ff7f793
02fbfe63
06068263
06ece063
01c10793
015787b3
00e78023
05aa9063
bd4fd0ef
00054783
04079263
00400613
01c10593
0000b517
87e50513
f71ff06f
00271793
00e787b3
00179793
fd078793
00f60733
00168693
f9dff06f
01b61863
00150c13
001a8a93
f79ff06f
0000a517
21c50513
cf9ff06f
0000a517
22850513
cedff06f
00800693
00d70663
07f00693
00d71a63
920780e3
fff78793
00fb2023
915ff06f
03e00693
00f6ec63
00178693
00f487b3
00db2023
86e78e23
8f9ff06f
0000a517
1f850513
0000b797
8607a823
041090ef
8e1ff06f
00492483
5ed00793
fff48713
36e7f863
00048593
0000a517
20050513
01d090ef
00000713
800007b7
34e49463
00100713
00e7a623
00200713
00e7a623
150020ef
c34fd0ef
0000b797
8247a783
04078863
7cf00793
04a7f463
0000a697
7b468693
0006a783
00078a63
00007737
40f507b3
52f70713
02f77463
00a6a023
0000a597
76a58593
01c10513
aa8fc0ef
01c10593
0000b517
0d450513
405070ef
03842783
00078e63
07442783
48079663
0000a517
1e450513
784090ef
d78fc0ef
0000ad97
7b0d8d93
000dac83
fe0c8a63
0000ab97
780b8b93
000ba783
fe079263
b98fd0ef
0000ad17
778d0d13
000d2783
00050a93
00078863
40f507b3
01300713
fcf77063
0000a797
7547a783
45e00593
00078513
00f12223
281090ef
0000b797
0f478793
00a78a33
b50fd0ef
5dc00593
00a12023
319090ef
00151713
00a70733
00471513
40e50533
5dc00593
00351513
2f5090ef
00050493
00012503
7d000593
2ed090ef
3e700693
00851713
52a6e863
3e800593
40a70533
2cd090ef
eff00693
00da1023
0000ac17
6dcc0c13
10100693
00da1123
000c5683
0ff00713
40a70333
00a12623
00da02a3
00012503
0086d693
00da0323
fb400693
00da03a3
3e800593
000a0223
000a0423
00612423
279090ef
00050593
009a0513
8f0fc0ef
00012503
3e800593
269090ef
00551593
40a585b3
00259593
00a585b3
00359593
00da0513
8c8fc0ef
10000693
00da1a23
ffffd6b7
09068693
00da1b23
00300693
00da1c23
000086b7
e4068693
00da1d23
00500693
00da1e23
7d000693
00da1f23
00812303
10200693
00c12603
02da1023
0ff00713
20300693
000105b7
02da1123
000a08a3
000a1923
024a0693
45ca0893
00048813
0b400e13
0000ae97
2b8e8e93
00070513
fff58593
16700f13
00148493
0014d493
01c49463
00000493
009e84b3
03c4cf83
0f04c283
00058713
003f9f93
6a4f8f93
00a28463
00329713
01f68023
008fdf93
01f680a3
00e681a3
00875f93
40b70733
00e03733
40e00733
00e37733
00e682a3
00c68123
01f68223
00668693
00280713
3d169263
ffffa737
bff70713
44ea1e23
068cd683
45d00713
dad77c63
00000693
45e00613
000a0593
000c8513
418050ef
00050793
000da503
3a079063
0f8060ef
000c2783
0000a717
51870713
015d2023
00178793
00fc2023
00412783
00279793
00f707b3
45e00713
00e7a023
0000a797
4e07ae23
000ba783
00178793
00fba023
d50ff06f
0087a683
00170713
cb1ff06f
01049593
18200613
0105d593
00000513
090010ef
00050a13
04051663
000aa783
00048593
0000a517
e9850513
00178793
00faa023
488090ef
00000793
80000737
00872683
00178793
fef49ce3
00100793
00f72623
0000a517
e9050513
460090ef
c61ff06f
0000a797
4407a423
00050693
00000793
02100513
0046a803
00000713
00a6d583
01071613
01065613
00b67463
00971a63
0006a683
02068e63
40e484b3
fd9ff06f
00892583
00c80633
0ff5f593
00b60023
00f56c63
03078613
01010893
01160633
fcb60e23
00178793
00170713
fb1ff06f
0000a717
3e072423
02100713
06f77263
02814703
00800793
04f71c63
02914783
04079863
02a14703
04500793
04f71263
03314703
01100793
02f71c63
00600613
02210593
0000a517
39c50513
eadfb0ef
00400613
03610593
0000a517
38450513
e99fb0ef
00100793
0000a717
38f72023
0000b797
cb07a783
0000b597
c9c58593
000a0513
000780e7
00050593
00050c63
0000a517
d9850513
350090ef
000a0513
685000ef
00092783
0067f793
b40780e3
f75fc0ef
0000a697
2fc68693
0006a783
00078a63
00001737
40f507b3
38770713
ccf77063
00051463
00100513
00a6a023
cb0ff06f
00442783
04442483
06079a63
000015b7
38858593
00048513
cbdfd0ef
06051063
00048593
0000a517
d5850513
2d8090ef
04042603
05042583
00c12223
00b12023
8bcfc0ef
910fc0ef
00412603
00012583
00000793
00000713
00b00693
0000a517
43450513
da5fc0ef
07442783
b0078ee3
0000a797
4207a223
b11ff06f
000017b7
04842583
00f484b3
04942223
06400a13
02b4f463
00c4d493
00149513
00950533
00351513
00950533
00c5d593
00251513
65c090ef
00050a13
04c42783
06500713
00e78a63
06400713
00ea0663
00578793
02fa6463
04042603
05042583
00100793
000a0713
00900693
0000a517
3a850513
d19fc0ef
05442623
04842583
04442783
a8b7e4e3
0000a797
3407a823
00100793
0000a517
c8c50513
02f42e23
1e8090ef
04042603
03b00793
02f61663
05042583
00000793
00000713
00000693
0000a517
35450513
cc5fc0ef
0000a797
3007a823
a39ff06f
0000a517
33c50513
d30fd0ef
a29ff06f
40e50533
0007d737
83070713
3e800593
00e50533
ac9ff06f
00070493
00ef7463
e9a80493
00070813
bc5ff06f
58d020ef
0000a797
1a07a223
fe1fb0ef
9e8ff06f
00009517
69c50513
158090ef
07c12083
07812403
07412483
07012903
06c12983
06812a03
06412a83
06012b03
05c12b83
05812c03
05412c83
05012d03
04c12d83
00100513
08010113
00008067
04b50263
04060063
02b57263
00000793
00f58733
00074683
00f50733
00178793
00d70023
fef616e3
00008067
fff60613
00c587b3
0007c703
00c507b3
00e78023
fe0616e3
00008067
ff010113
00112623
020000ef
474000ef
608000ef
540060ef
445010ef
00c12083
01010113
1910106f
dfffc797
93378793
ffc7f793
0000a717
0ef72623
00001737
a0070713
00e7a023
00e78733
0000a697
0ce6a823
0a0016b7
00001737
00e78733
00078223
a0068693
a0d72023
00100693
a0d70223
0000a717
0af72223
00008067
10050263
00357793
0e079e63
0000a717
09472703
ff850693
0ee6e663
0000a817
08082803
00c50793
0cf86e63
ffc54783
0c078a63
ff855783
000015b7
a0058593
0cf5e263
ffa55603
0ac5ee63
40e685b3
01059593
0105d593
00c58863
00c70633
00065603
0ab61063
00f707b3
00f80663
0027d603
08b61863
0000a617
02060613
00062883
fe050e23
0116f463
00d62023
02f68c63
0047c883
02089863
02f80663
00062803
01079463
00d62023
0007d783
00001837
a0080813
fef51c23
01078663
00f707b3
00b79123
ffa55583
00b707b3
02f68a63
0047c803
02081663
00062803
01069463
00f62023
ff855683
00d79023
000017b7
a0078793
00f68663
00d70733
00b71123
00008067
00358793
ffc7f793
01079793
0107d793
00b00713
00f77c63
00001737
a0070713
00f77863
00000513
00008067
00c00793
feb7eae3
0000a717
f6472703
fee566e3
0000a697
f546a683
fed570e3
ff855583
ff850693
40e686b3
01069693
0106d693
ff858613
40d60633
01061613
01065613
faf66ae3
faf60ae3
00b70833
00484883
04089e63
00868613
0000a597
f0858593
00c787b3
0005a303
01079793
0107d793
00085883
00f70633
01031463
00c5a023
01161023
00d61123
00060223
fef51c23
00065683
00001637
a0060613
f4c68ee3
00d706b3
00f69123
00008067
01478813
01081813
01085813
f50660e3
00868613
00c787b3
0000a817
e9c80813
01079793
00082883
0107d793
00f70633
01167463
00c82023
00d61123
00060223
00b61023
fef51c23
00065603
000016b7
a0068693
eed60ce3
00c70733
00f71123
00008067
00050713
06050863
00350793
ffc7f793
01079793
0107d793
00b00693
00f6fc63
000016b7
a0068693
00000513
00f6f663
00008067
00c00793
00000513
02e7ee63
0000a317
e1030313
00032703
0000a617
e0c62603
000015b7
a0058593
40c706b3
01069693
0106d693
40f58e33
ff800e93
01c6e663
00000513
00008067
00d60533
00454803
00055883
08081863
40de8833
01180833
08f86263
01478e13
07c86263
00878793
00f687b3
01079793
0107d793
00f60833
01181023
00d81123
00080223
00100693
00f51023
00d50223
00085683
00b68663
00d606b3
00f69123
00a71e63
0000a797
d747a783
00474683
00068463
00e79e63
00e32023
00850513
00008067
00100793
00f50223
fd5ff06f
00075703
00e60733
fd5ff06f
00088693
f55ff06f
fe010113
00812c23
00112e23
034090ef
000107b7
00000413
02f57663
00050613
01051513
01055513
00c12623
eb5ff0ef
00050413
00050863
00c12603
00000593
7a9080ef
01c12083
00040513
01812403
02010113
00008067
00852783
00c52683
00655603
00378793
0006a023
ffc7f793
00000713
00c74463
00008067
0006a583
00170713
00b7a023
00455583
00f6a023
00b787b3
fe1ff06f
ff010113
00812423
00912223
00112623
0000a417
ad040413
0000a497
ae448493
00042503
00440413
f99ff0ef
fe941ae3
00c12083
00812403
00412483
01010113
00008067
00050c63
00c52783
0007a503
00050663
00052703
00e7a023
00008067
00600793
02a7e863
00251513
0000a797
a7478793
00a787b3
0007a783
00c7a783
0007a503
00050a63
00052703
00e7a023
00008067
00000513
00008067
00050c63
00058a63
00c52783
0007a703
00e5a023
00b7a023
00008067
00600793
02a7e663
02058463
00251513
0000a797
a1878793
00a787b3
0007a783
00c7a783
0007a703
00e5a023
00b7a023
00008067
ff400513
00008067
02554783
00500713
00050593
0057f693
00e69c63
00052703
00070863
0087f793
00078463
7990606f
00008067
00052783
0005a703
fd010113
02812423
02112623
02912223
00050413
04f70463
00060513
00f62023
00058493
01c10593
00e12e23
00c12623
3ed020ef
00c12503
01c10593
718060ef
00000793
00048463
0004a783
00f42023
00100593
00040513
f75ff0ef
02c12083
02812403
02412483
03010113
00008067
00008067
0255c783
0187f793
00078463
6690706f
4b40706f
02050663
fe010113
00112e23
00059663
0000b597
b6458593
00c10613
f55ff0ef
01c12083
02010113
00008067
00008067
02050663
00059663
0000b597
b3c58593
0005a783
00452703
00e78a63
00b035b3
40b005b3
00b7f7b3
00f52223
00008067
02050663
00059663
0000b597
b0c58593
0005a783
00852703
00e78a63
00b035b3
40b005b3
00b7f7b3
00f52423
00008067
fd010113
02812423
02912223
02112623
00060493
00068413
00059663
0000b597
ac858593
00049663
0000b497
abc48493
00041663
0000b417
ab040413
00058863
0005a783
00000713
02079063
01c10613
00b12623
00a12423
e89ff0ef
00c12583
00812503
00100713
0004a783
00452683
00d78a63
009034b3
409004b3
0097f7b3
00f52223
00042783
00852683
00d78a63
00803433
40800433
0087f7b3
00f52423
00071663
01c10613
e39ff0ef
02c12083
02812403
02412483
03010113
00008067
ff010113
00912223
00078493
dfffd797
aac7a783
00112623
00812423
02078063
00000413
00c12083
00040513
00812403
00412483
01010113
00008067
00050413
fe0500e3
fc048ee3
00059663
0000b597
9d858593
00061663
0000b617
9cc60613
00069663
0000b697
9c068693
00000797
d8078793
00040513
00042023
00042223
00042423
00f42823
00041e23
020402a3
00e42c23
02040423
01042623
ea5ff0ef
00040513
000480e7
f6050ee3
f75ff06f
00058713
00060793
00068813
00000613
00000693
00000593
f39ff06f
dfffd797
9ea7a623
00008067
02050063
02554703
00177693
00069a63
00176713
02e502a3
00300593
d01ff06f
00008067
02050263
02554783
0017f693
00068c63
ffe7f693
02d502a3
0087f793
00078463
1c90606f
00008067
06050463
00052783
ff010113
00812423
00112623
00050413
00078c63
00000593
101020ef
00000593
00040513
42c060ef
02544783
0017f793
00078663
00040513
f99ff0ef
dfffd797
9507a783
00879663
dfffd797
9407a223
00c12083
00812403
01010113
00008067
00008067
02050063
02554703
00477693
00069a63
00476713
02e502a3
00300593
c49ff06f
00008067
00050c63
02554783
0047f713
00070663
ffb7f793
02f502a3
00008067
00050713
02050063
dfffd517
8e052503
00050c63
02854783
00178793
0ff7f793
00e78463
00000513
00008067
ff010113
00812423
00912223
00112623
00050493
00058413
fbdff0ef
02050463
02654783
fff48613
00400593
00f40023
02754783
00240513
00f400a3
6dd070ef
00040513
00c12083
00812403
00412483
01010113
00008067
00051663
00000513
00008067
ff010113
00812423
00050413
00250513
00112623
7c8080ef
0ff57793
00079863
00244683
03000713
02e69863
dfffd517
82c52503
02050263
02854703
00f71e63
00044703
02654783
00f71863
00144703
02754783
00f70463
00000513
00c12083
00812403
01010113
00008067
ff010113
00112623
f81ff0ef
00050e63
02854503
00150513
0ff57513
00c12083
01010113
00008067
00000513
ff1ff06f
00050793
08050263
00010737
00100513
06e5fe63
00059663
00000513
00008067
0087d703
01059693
0106d693
00e68733
01071713
01075713
00100513
04d76863
00c78503
00055e63
0047a603
00100513
40b605b3
01078613
00c5fc63
00008067
00100513
02060463
0047a603
40b605b3
00a7d603
00b7a223
00e79423
00c686b3
00d79523
f95ff06f
00100513
00008067
ff010113
01212023
00050913
00500513
00812423
00912223
00112623
00058413
00060493
9b1ff0ef
02050263
00100793
00052023
01252223
00851423
00851523
00950623
000506a3
00f51723
00c12083
00812403
00412483
00012903
01010113
00008067
00000613
f09ff06f
00100613
f01ff06f
00050793
04050a63
00010737
00100513
04e5f663
00059663
00000513
00008067
00a7d703
01059693
0106d693
00100513
02d76663
40d70733
0047a603
00e79523
0087d703
00b60633
00c7a223
40d70733
00e79423
fc5ff06f
00100513
00008067
0005d663
40b005b3
f99ff06f
00000613
e8dff06f
0005d663
40b005b3
f85ff06f
00100613
e79ff06f
fe010113
00812c23
00112e23
00912a23
01212823
01312623
00000413
04050a63
00050593
00000413
00200913
00100993
00e5c783
fff78793
0ff7f793
00f58723
02079863
00c5c783
0005a483
00600513
00f7f793
01278663
05379063
00500513
8d1ff0ef
00140413
0ff47413
02049263
01c12083
00040513
01812403
01412483
01012903
00c12983
02010113
00008067
00048593
f9dff06f
fc0796e3
00058513
bd8ff0ef
fc1ff06f
fe010113
00812c23
01212823
01051413
00112e23
00912a23
01312623
01412423
01512223
18200713
00058913
01045413
06e60863
02c76c63
fbf67793
00100713
02e79a63
01812403
01c12083
01412483
01012903
00c12983
00812a03
00412a83
00000513
02010113
df5ff06f
28000713
0ce60a63
00000493
01c12083
01812403
01012903
00c12983
00812a03
00412a83
00048513
01412483
02010113
00008067
000109b7
00000513
00000493
28000a13
08298993
00050a93
00600513
f74ff0ef
00051a63
fa0488e3
00048513
e8dff0ef
fa5ff06f
00340793
ffc7f793
40fa07b3
00078713
01079793
0107d793
00f97463
00090713
00850433
01340413
ffc47413
01071793
00052023
00852223
01251423
00e51523
01352623
0107d793
02048063
00aaa023
40f907b3
01079913
01095913
00000413
f80910e3
f41ff06f
00050493
fe5ff06f
00340793
00358713
ffc7f793
ffc77713
00e787b3
01079793
0107d793
01078513
01051513
01055513
f0e7e4e3
f0e562e3
ca4ff0ef
00050493
ee050ee3
00850433
01340413
000107b7
ffc47413
08078793
00052023
00852223
01251423
01251523
00f52623
ed1ff06f
00855783
0af5f063
ff010113
00812423
00912223
00112623
00050413
00058493
40f587b3
00a45703
04976e63
00c44783
00f7f793
02079263
02970063
00442583
00040513
408585b3
00b485b3
01059593
0105d593
ad8ff0ef
00042503
00941523
00941423
00050463
d45ff0ef
00c12083
00042023
00812403
00412483
01010113
00008067
40e484b3
00845703
01049493
0104d493
00f70733
00e41423
00042403
f85ff06f
00008067
fe010113
00812c23
00112e23
00912a23
00050413
04058263
04040063
00a45783
02f5e863
40f585b3
00042483
01059593
0105d593
00042023
00040513
00b12623
cc5ff0ef
00c12583
00048413
fc9ff06f
00040513
c29ff0ef
01c12083
00040513
01812403
01412483
02010113
00008067
00050713
00000513
00071463
00008067
00150793
01079513
00072703
01055513
fe9ff06f
00050863
00e54783
00178793
00f50723
00008067
02050a63
00059663
00008067
00070513
00855783
0085d683
00052703
00d787b3
01079793
0107d793
00f51423
fe0710e3
00b52023
00008067
ff010113
00812423
00112623
00058413
fb9ff0ef
00040513
00812403
00c12083
01010113
f91ff06f
ff010113
00812423
00052403
00112623
02040463
00a55703
00855783
40e787b3
00f41423
00052023
00e51423
00040513
bcdff0ef
00050463
00000413
00c12083
00040513
00812403
01010113
00008067
14058463
0085d783
fe010113
00812c23
01312623
00112e23
00912a23
01212823
01412423
01512223
00058413
00060993
08c7ec63
00050493
08050863
00855703
00c687b3
00068a13
08f74063
00000a93
00a4d903
00a45783
41490933
415787b3
0127f463
00078913
0129f463
00098913
00442583
0044a503
00090613
015585b3
01450533
2a0080ef
00a45703
012a0a33
012a8ab3
41298933
01091993
00a4d783
0109d993
00eaea63
00042403
00000a93
00041463
00099a63
03479c63
0004a483
04049c63
06098063
ff000513
01c12083
01812403
01412483
01012903
00c12983
00812a03
00412a83
02010113
00008067
02041e63
00048c63
00a4d703
0084d783
00f71663
0004a783
02079c63
f40992e3
00000513
fb9ff06f
00000a13
00041863
fd9ff06f
fe0406e3
00000a13
00a45703
00845783
fcf710e3
00042783
fa078ce3
ffa00513
f89ff06f
ff000513
00008067
00058863
0085d603
00000693
ea5ff06f
ff000513
00008067
fe010113
01212823
00112e23
00812c23
00912a23
01312623
01412423
00000913
00050e63
00058a13
00000913
00058863
00050413
00060493
04049263
01c12083
01812403
01412483
00c12983
00812a03
00090513
01012903
02010113
00008067
00a45783
02068063
00f6ee63
40f686b3
00042403
01069693
0106d693
fe0412e3
fbdff06f
40d787b3
00078993
01079793
0107d793
00f4f463
00048993
00442583
01099993
0109d993
00d585b3
012a0533
00098613
01298933
413484b3
100080ef
01091913
01049493
00042403
01095913
0104d493
00000693
f61ff06f
ff010113
00112623
00812423
00912223
02051063
00000413
00c12083
00040513
00812403
00412483
01010113
00008067
00068493
00058413
00070693
00058463
fc966ae3
00a55783
00f6fc63
00968733
02e7c463
00452403
00d40433
fbdff06f
00052503
40f68733
01071693
0106d693
fc051ae3
fa1ff06f
f8040ee3
00048613
00040593
ea1ff0ef
f89508e3
f89ff06f
00050663
00a55783
00f5f863
00060463
00b61023
00008067
40f585b3
01059593
00052503
0105d593
fd9ff06f
08050c63
fe010113
00912a23
01312623
00112e23
00812c23
01212823
01412423
00050493
00058993
ff000513
00058c63
0084d783
00060413
fff00513
00000a13
04c7f663
01c12083
01812403
01412483
01012903
00c12983
00812a03
02010113
00008067
00a4d903
01247463
00040913
0044a503
014985b3
00090613
7a9070ef
0004a483
41240433
012a0a33
fc041ce3
00000513
fb1ff06f
ff000513
00008067
fe010113
00812c23
00912a23
00112e23
01212823
00050493
00060413
08048663
00a4d783
06f6f863
0084d603
00868733
06e64c63
40d787b3
00040913
0087d663
01079913
01095913
0044a503
00090613
00b12623
00d50533
72d070ef
41240633
01061613
01065613
00c12583
00000513
02060e63
01812403
0004a503
01c12083
01412483
012585b3
01012903
02010113
ed1ff06f
40f686b3
01069693
0004a483
0106d693
f79ff06f
fff00513
01c12083
01812403
01412483
01012903
02010113
00008067
ff010113
00912223
00060493
00058613
0084d583
00812423
00112623
fd4ff0ef
00050413
00050663
00048593
cc1ff0ef
00c12083
00040513
00812403
00412483
01010113
00008067
00052783
ff010113
00812423
00112623
00912223
00050413
02079063
00040493
00c12083
00812403
00048513
00412483
01010113
00008067
00058513
00040613
28000593
f75ff0ef
00050493
fc0508e3
00040513
eacff0ef
fc9ff06f
02050863
00a55783
00f5fa63
00452783
00b787b3
0007c503
00008067
40f585b3
01059593
00052503
0105d593
fd5ff06f
fff00513
00008067
ff010113
00112623
fc1ff0ef
00c12083
fff54793
41f7d793
00f57533
0ff57513
01010113
00008067
00050c63
00a55783
00f5fa63
00452783
00b787b3
00c78023
00008067
40f585b3
01059593
00052503
0105d593
fd5ff06f
00855703
00d587b3
04f75263
00010537
fff50513
00008067
40f484b3
00092903
01049493
0104d493
00090663
00a95783
fef4f4e3
00000a13
010a1413
01045413
05346063
00000513
0680006f
fe010113
00912a23
01212823
01312623
01512223
00112e23
00812c23
01412423
00050913
00058493
00060a93
00068993
fadff06f
008485b3
01059593
0105d593
00090513
f19ff0ef
014a87b3
0007c783
001a0a13
f8f50ce3
00140513
01051513
01055513
01c12083
01812403
01412483
01012903
00c12983
00812a03
00412a83
02010113
00008067
00855783
fe010113
00112e23
00812c23
00912a23
01212823
01312623
01412423
00d60733
02e7c263
40c787b3
01079493
00050993
00058a13
00060913
00068413
0104d493
0284f863
00010437
fff40413
01c12083
00040513
01812403
01412483
01012903
00c12983
00812a03
02010113
00008067
00090693
000a0613
00040593
00098513
ea9ff0ef
fc0504e3
00140413
01041413
01045413
fadff06f
08058063
0005c783
06078c63
00855703
fe010113
000107b7
00812c23
00112e23
fff78793
00050413
04f70063
00058513
00b12623
331070ef
000107b7
ffe78793
02a7e463
01051613
00040513
01812403
00c12583
01c12083
00000693
01065613
02010113
f01ff06f
01c12083
01812403
00010537
fff50513
02010113
00008067
00010537
fff50513
00008067
ff010113
00812423
00050413
00400513
00912223
01212023
00112623
00058913
00060493
ccdfe0ef
02050463
00009717
92c70713
00072783
00052023
01252423
00952623
00852223
02079063
00a72023
00c12083
00812403
00412483
00012903
01010113
00008067
0047a683
40d406b3
0006d663
00f52023
fd5ff06f
00078693
0007a783
00078863
0047a703
40e40733
fe0756e3
00f52023
00a6a023
fb5ff06f
00452783
fe010113
00112e23
00a12623
000780e7
c64fb0ef
00c12603
00009797
8987a783
00050713
00062683
00000597
fd458593
00f68533
40e507b3
0007d463
00e68533
01c12083
02010113
f15ff06f
fe010113
00812c23
00112e23
00050413
00b12623
00c12423
c10fb0ef
00850533
01812403
00812603
00c12583
01c12083
02010113
eddff06f
00009797
82878793
0007a703
02071c63
dfffc717
91872703
00071863
dfffc717
91c72703
02070063
00100713
00000613
00000597
01858593
0fa00513
00e7a023
f89ff06f
00008067
ff010113
00112623
0f4010ef
dfffc797
8d47a783
00079863
dfffc797
8d87a783
02078063
00c12083
00000613
00000597
fd458593
0fa00513
01010113
f45ff06f
00c12083
00008797
7807ae23
01010113
00008067
00008617
64060613
00000597
ed458593
3e800513
f19ff06f
00008617
77c60613
00058693
00062583
00000713
00059e63
00008067
00f72023
02c0006f
00058713
fe0788e3
00078593
0085a803
0005a783
fea816e3
00c5a803
fed812e3
fc071ce3
00f62023
00400513
b1dfe06f
fe010113
00812c23
01212823
01412423
00112e23
00912a23
01312623
accfb0ef
00050413
00008917
70490913
00008a17
6f8a0a13
00092583
06058063
0045a783
40f40733
02075463
40878533
01c12083
01812403
01412483
01012903
00c12983
00812a03
02010113
00008067
0005a703
0085a483
00400513
00c5a983
00e92023
00fa2023
a95fe0ef
fa0486e3
00098513
000480e7
fa1ff06f
fff00513
fb1ff06f
ff010113
00812423
00008417
68040413
00042783
00112623
00078c63
a2cfb0ef
00042783
0047a703
40e50533
00079a63
00c12083
00812403
01010113
00008067
0047a703
00a70733
00e7a223
0007a783
fddff06f
ff010113
00812423
00008417
62c40413
00042783
00112623
fff00513
02078063
9d4fb0ef
00042783
0047a783
40a78533
01f55793
fff78793
00f57533
00c12083
00812403
01010113
00008067
00008797
63c7d783
00010637
00004537
fff60613
00008597
49858593
00178793
01079793
0107d793
00c79463
0000c7b7
00008717
46c70713
00072683
0006a683
00069a63
00470713
feb718e3
00078513
01c0006f
01a6d803
02f81063
fff50513
01051513
01055513
fa051ae3
00008717
5cf71823
00008067
00c6a683
fc5ff06f
01452783
ff010113
00812423
00112623
00400713
00050413
00e78a63
00700713
02e78863
00300713
04e79063
34d030ef
00500793
02050463
fff00793
02f51863
01e45783
0087e793
00f41f23
01c0006f
329030ef
fe0512e3
00900793
00f42a23
00040513
070040ef
00000513
00c12083
00812403
01010113
00008067
00008067
00050593
00100513
8d1fe06f
ff010113
00812423
00912223
00112623
00050413
00009497
52448493
00058463
00058493
ff000513
02040263
01442783
ffa00513
00079c63
02061463
eb9ff0ef
00050613
ffe00513
02061e63
00c12083
00812403
00412483
01010113
00008067
00008717
33070713
00008517
33850513
00072783
0007a783
04079063
00470713
fea718e3
00048863
0004a783
00078463
00f42023
dfffb797
54c78793
0007a703
00c41d23
0087a023
00e42623
c01ff0ef
00000513
f99ff06f
01a7d683
00c69e63
0007a583
00058e63
00048c63
0004a683
00068863
00d58663
00c7a783
f9dff06f
ff800513
f69ff06f
00000793
00058863
0285c783
00178793
0ff7f793
00f50423
00008067
ff010113
01212023
00112623
00812423
00912223
00060913
0e050e63
01452783
00050493
0e079e63
00200513
f44fe0ef
00050413
fff00793
08050e63
0104a783
00100713
00f52823
01a4d783
00e52a23
00f51d23
0184c703
00e50c23
0094c703
00e504a3
0084c703
00e50423
00b4c703
00e505a3
00a4c703
00e50523
0004a703
00e52023
02078063
dfffb717
45470713
00072783
06979463
00c4a783
00f72023
0004a623
00048513
e49ff0ef
00001797
ed078793
00f42e23
dfffb797
42078793
0007a703
0087a023
00e42623
addff0ef
00000793
00090463
00f90023
00c12083
00040513
00812403
00412483
00012903
01010113
00008067
00070793
fa0782e3
00c7a703
fe971ae3
00c4a703
00e7a623
f91ff06f
00000413
ff000793
fb9ff06f
ff100793
00000413
fadff06f
00000613
ed1ff06f
00050793
02c55703
03052583
02852603
0367d883
40b70533
34800813
00c50533
00088693
01187463
00080693
01069693
0106d693
40d506b3
0006dc63
40c58733
00074c63
01071713
01075713
00000513
02e79723
00008067
00000713
ff1ff06f
06050e63
02c55703
ff010113
00812423
00b705b3
01059593
00112623
0105d593
69000793
00050413
02b7ee63
02e5ec63
02b41623
00040513
f69ff0ef
1a300793
02a7f663
01e45783
00040513
00c12083
0027e793
00f41f23
00812403
01010113
5510306f
00078593
fc9ff06f
00c12083
00812403
01010113
00008067
00008067
ff010113
00812423
dfffb417
2b442403
00112623
00041a63
00c12083
00812403
01010113
00008067
01e45783
0807f793
00078663
00040513
4f9030ef
00c42403
fd5ff06f
02050a63
00050593
00452503
02050663
fe010113
00112e23
00b12623
c25fe0ef
00c12583
01c12083
00300513
02010113
d40fe06f
00008067
00300513
ff5ff06f
00051463
00008067
ff010113
00112623
00812423
00052403
fa9ff0ef
00040513
fe041ae3
00c12083
00812403
01010113
00008067
00050463
00b50c23
00008067
00050463
00b52823
00008067
00050463
08b52223
00008067
00050463
08b52023
00008067
00050463
08b52823
00008067
00050a63
01452703
00100793
00f71463
00b52e23
00008067
00050663
08b52623
02c500a3
00008067
06050463
01452783
ff010113
00812423
00112623
00100713
00050413
02f77e63
00a00713
02e78a63
07852503
00050663
b39fe0ef
06042c23
07042503
fff00793
02f41a23
f25ff0ef
07442503
f1dff0ef
06042823
06042a23
00c12083
00812403
01010113
00008067
00008067
fb010113
04812423
dfffb417
13040413
00042783
03312e23
03412c23
03712623
00178793
04112623
04912223
05212023
03512a23
03612823
03812423
03912223
03a12023
01b12e23
00f42023
00008797
ff47c783
dfffb997
0e098993
00600b93
00178793
00008717
fcf70e23
02800a13
0009ab03
00000493
00300c13
00900c93
0f000d13
040b1a63
dfffb497
0bc48493
0004a503
0f000913
3c051e63
04c12083
04812403
04412483
04012903
03c12983
03812a03
03412a83
03012b03
02c12b83
02812c03
02412c83
02012d03
01c12d83
05010113
00008067
00008797
f687c783
022b4703
00f71a63
00cb2903
000b0493
00090b13
f91ff06f
014b2703
02fb0123
00200693
046b4783
06d71263
00500713
00100d93
06f76a63
099b4703
12070c63
09ab4603
00b00793
00100d93
04c7ee63
00009797
dfc78793
00e787b3
fff7c703
098b4783
02e7e863
064b5583
0e058063
000b0513
1dc030ef
0e051063
000b0513
249030ef
02050063
0d00006f
00b00713
fa1ff06f
00178793
0ff7f793
08fb0c23
fce7f4e3
00000d93
014b2783
03779463
01eb5703
01077713
00070e63
00042703
024b2603
40c70733
00ea7663
001d8d93
0ffdfd93
009b4703
00877713
00070a63
00400713
18e78463
00700713
18e78063
00000913
014b2783
1f879463
00042783
024b2703
40e787b3
1efa6663
1e0d9463
020b4783
021b4703
00cb2903
00178793
0ff7f793
02fb0023
eee7e2e3
dfffb797
f2078223
08cb2783
020b0023
22079c63
000b0513
185030ef
ec5ff06f
000b0513
064040ef
f40518e3
099b4783
080b0c23
00600713
f4f760e3
00178793
08fb0ca3
f35ff06f
034b1783
00008637
ffe60613
01079713
01075713
00e66a63
00170713
01071793
4107d793
02fb1a23
044b1703
f0e7c2e3
000b0513
490030ef
00050a63
074b2783
ee0798e3
070b2783
ee0784e3
014b2703
00200793
04f70663
040b1783
042b1703
046b4583
4037d793
00c00613
00e787b3
0ff5f713
00b67463
0ff67713
00008617
c2060613
00e60733
01074703
00e797b3
00008737
00e7c463
fff70793
04fb1223
064b5583
04cb5603
020b1a23
036b5703
00058793
00b67463
00060793
01079793
00171593
0107d793
01059513
0017d793
01055513
00078613
00a7f463
00058613
04cb1723
04eb1623
060b1623
000b0513
699030ef
e3dff06f
094b2a83
00042903
024b2783
000a5537
cb850513
1f400593
00aa8533
40f90933
05c070ef
01257a63
001d8d93
0ffdfd93
00100913
e55ff06f
09bb4503
000125b7
4f858593
78d060ef
1f400593
01550533
02c070ef
e32578e3
000b0513
689030ef
e20512e3
09bb4783
00178793
08fb0da3
e15ff06f
e39796e3
00042783
024b2703
40e787b3
e0fd7ee3
000b0513
090b2a83
bb9ff0ef
00cb2783
06048463
00f4a623
02090263
01cb5803
01ab5783
028b2603
054b2583
004b0713
000b0693
000b0513
5c4030ef
000b0513
010b2d83
00cb2903
f38ff0ef
dfffb797
d0078823
000a8e63
ff300593
000d8513
000a80e7
dfffb797
cf87c783
c20798e3
00048b13
ca5ff06f
00f9a023
f9dff06f
010b2503
000b0593
000780e7
dfffb797
cd07c783
c00794e3
c80510e3
db1ff06f
00042783
02452703
40e787b3
02f97063
00a12623
b0dff0ef
00c12503
00c52783
000b1c63
00f4a023
0140006f
00050b13
00c52503
bf1ff06f
00fb2623
00c52983
ea0ff0ef
00098513
bddff06f
00052783
ff010113
00812423
00112623
00058413
06b79263
00c5a783
00f52023
00042623
00040513
aadff0ef
01442783
00a00713
02e78463
00100713
02e78063
01e45783
00e7f733
00070a63
0027e793
00f41f23
00040513
690030ef
00c12083
00042a23
00041d23
00812403
01010113
00008067
00070793
fa0784e3
00c7a703
fe871ae3
00c42703
00e7a623
f95ff06f
ff010113
00812423
00112623
00912223
01452783
00050413
0a058e63
00400713
00e78663
00700713
0ae79663
07842783
00079863
02c45703
69000793
16f70663
01a45783
01c45803
02842603
05442583
00440713
00040693
00040513
424030ef
00040513
9e1ff0ef
dfffb717
b7c70713
00072783
04879463
00c42783
00f72023
00100793
dfffb717
b4f70e23
dfffb797
b6c7a783
00042623
06879a63
488020ef
00c12083
00812403
00412483
00000513
01010113
00008067
00070793
fc0782e3
00c7a703
fe871ae3
00c42703
00e7a623
fb1ff06f
00100493
04978e63
00200713
0ae78663
0c079263
01a45783
02078063
dfffb717
b0070713
00072783
02879063
00c42783
00f72023
00042623
00040513
cf4ff0ef
f8dff06f
00070793
fe0786e3
00c7a703
fe871ae3
00c42703
00e7a623
fd9ff06f
00008717
86c70713
00008697
87068693
00472783
0007a783
02079663
00470713
fed718e3
00040593
dfffb517
a9050513
e0dff0ef
00040593
00200513
d6dfd0ef
f2dff06f
07c7a603
00c41463
0607ae23
00c7a783
fc5ff06f
00040593
dfffb517
a5450513
dd9ff0ef
dfffb797
a4978223
f69ff06f
00040513
00812403
00c12083
00412483
01010113
bc8ff06f
02050263
01452703
00100793
00f70863
01e55783
0107e793
00f51f23
00100593
e21ff06f
ff000513
00008067
04058a63
ff010113
00812423
00112623
00058513
00060413
02060463
00865583
e9cff0ef
00040513
b98fe0ef
00c12083
00812403
00000513
01010113
00008067
fe0696e3
00812403
00c12083
01010113
f85ff06f
ff000513
00008067
fe010113
00812c23
00112e23
00912a23
01212823
ff000413
06050e63
07852483
08452783
00050593
00d4c903
06052c23
00000693
00048613
06078c63
01052503
00b12623
000780e7
00c12583
00050413
06051863
02097913
02090e63
02c5d783
69000713
00e78663
00178793
02f59623
0845a783
02078063
0105a503
00000693
00000613
000780e7
ff300793
00f51463
ff300413
01c12083
00040513
01812403
01412483
01012903
02010113
00008067
00a12623
00000513
eedff0ef
f8dff06f
ff300793
fcf506e3
0695ac23
ffb00413
fc5ff06f
00007797
7d47c783
ff010113
00912223
00178793
00112623
00812423
01212023
00007717
7af70a23
dfffb497
8a048493
0004a403
00041e63
00c12083
00812403
00412483
00012903
01010113
00008067
00007797
7847c783
02244703
08f70063
02f40123
01e45783
0017f713
02070463
0027e793
00f41f23
00040513
2c0030ef
01e45783
ffc7f793
01079793
0107d793
00f41f23
0087f713
00070a63
ff77f793
00f41f23
00040513
9c0ff0ef
07842783
00c42903
02078063
00040513
dfffb797
80078423
e69ff0ef
dfffa797
7fc7c783
f60790e3
00090413
f5dff06f
00c42403
f55ff06f
ff010113
00112623
f15ff0ef
00007797
6e57c783
00178793
0ff7f793
00007717
6cf70aa3
0017f793
00078863
00c12083
01010113
e7cff06f
00c12083
01010113
00008067
08050e63
01452783
ff010113
00812423
00058713
00112623
00100593
00050413
06b78063
04070463
01e55783
0107e793
00f51f23
00060a63
00812403
00c12083
01010113
b79ff06f
07852503
00050663
918fe0ef
06042c23
00000513
00c12083
00812403
01010113
00008067
fe0606e3
00400713
00f76a63
00200713
00f76a63
ff500513
fd9ff06f
00700713
fee79ae3
00000593
00040513
fa1ff06f
ff000513
00008067
18050e63
01452783
fe010113
00812c23
00112e23
00912a23
01212823
01312623
01412423
01512223
01612023
00a00713
00050413
04e79063
00050593
dfffa517
6d050513
a45ff0ef
00040513
01812403
01c12083
01412483
01012903
00c12983
00812a03
00412a83
00012b03
02010113
8acff06f
05452a83
02852b03
09052983
01052a03
01a55903
0c079463
08091463
00000913
00000493
07442503
00050463
c24ff0ef
07042503
00050463
c18ff0ef
02048263
01c45803
00090793
00440713
00040693
000b0613
000a8593
00040513
6c9020ef
00040513
844ff0ef
08098c63
01812403
01c12083
01412483
01012903
00412a83
00012b03
000a0513
00098793
00812a03
00c12983
ff300593
02010113
00078067
dfffa717
5f470713
00072783
00a79c63
00c52783
00f72023
00042623
f61ff06f
00070793
fe078ae3
00c7a703
fe871ae3
00c42703
00e7a623
fe1ff06f
00058493
00050593
dfffa517
5a450513
929ff0ef
00100793
dfffa717
58f70823
f29ff06f
01c12083
01812403
01412483
01012903
00c12983
00812a03
00412a83
00012b03
02010113
00008067
00008067
00100593
e5dff06f
ff010113
00058513
00112623
fedff0ef
00c12083
ff300513
01010113
00008067
ff010113
00812423
00112623
00050413
00912223
00058513
00051c63
00c12083
00812403
00412483
01010113
00008067
00052703
00042783
00c52483
00f71463
f99ff0ef
00048513
fd1ff06f
dfffa797
4e87a783
dfffa597
4e45a583
00050693
00000613
00000513
00079863
02050863
00000593
dc5ff06f
0147a703
00d71c63
0247a703
40e58733
00c76663
00070613
00078513
00c7a783
fd1ff06f
00008067
fe010113
00912a23
00050493
00100513
00812c23
00112e23
01212823
01312623
f14fd0ef
00050413
08051e63
dfffa917
46890913
00092503
12051a63
dfffa997
45c98993
dfffa797
4607a783
0009a603
00000693
12079e63
00050463
eddff0ef
00100513
ed0fd0ef
00050413
04051c63
00900513
f39ff0ef
00100513
eb8fd0ef
00050413
04051063
00800513
f21ff0ef
00100513
ea0fd0ef
00050413
02051463
01849793
4187d793
1007c663
00048793
10049463
00100513
e7cfd0ef
00050413
08050663
09c00613
00000593
00040513
554060ef
000017b7
8c078793
06f41423
069007b7
69078793
02f42623
fff00793
00f405a3
00600793
04f41223
04f41123
021907b7
fff78793
02f42a23
dfffa797
38c7a783
00940c23
02f42223
00007797
2847c783
02f40123
08c007b7
00178793
04f42623
00000797
96878793
08f42223
006de7b7
d0078793
08f42a23
01c12083
00040513
01812403
01412483
01012903
00c12983
02010113
00008067
01e55783
00c52403
0087f713
00070863
ff77f793
00f51f23
cb1fe0ef
00040513
eadff06f
0247a703
40e60733
00d77a63
00068713
00c7a783
00070693
eadff06f
00078513
ff1ff06f
07f00793
00092703
0009a503
fff78793
0ff7f793
00000693
00071a63
ee0402e3
00040513
d61ff0ef
ed9ff06f
01874603
00f66a63
02f61063
02472583
40b505b3
00d5ea63
02472683
00060793
00070413
40d506b3
00c72703
fc1ff06f
04000513
dedff06f
04000513
de5ff06f
00007797
1cc78793
0007a503
dfffa717
26c72703
00e50533
00a7a023
00008067
02058e63
01c5d703
02070a63
02800693
00070793
00d77463
00068793
fd878793
00078713
01079793
0107d793
00f57463
00050713
01071513
01055513
00008067
fe010113
00912a23
00112e23
00812c23
01212823
01312623
01412423
ff000493
0c050263
0c058063
01452783
00050413
ff600493
0a079863
0005a783
00c51e23
00068993
00f52223
00854503
0a050e63
8d5fd0ef
00050913
ffc00493
08050463
00042783
00079663
00052783
00f42023
01a45a03
0a0a0063
00040513
f25ff0ef
069007b7
69078793
04a42a23
02f42623
fff50513
69000793
04a42423
04a42e23
06a42023
06f41223
00440613
00090593
02042423
02042823
21800513
f05ff0ef
00100793
02a41b23
04f41623
09342423
00200593
00040513
570020ef
00050493
04050463
01c12083
01812403
01012903
00c12983
00812a03
00048513
01412483
02010113
00008067
00440513
16d040ef
f45ff06f
a21fe0ef
00a41d23
ffe00493
f4051ce3
fc1ff06f
00200793
00f42a23
000a0e63
dfffa717
0ec70713
00072783
04879063
00c42783
00f72023
dfffa797
0c878793
0007a703
0087a023
00e42623
f8cfe0ef
00100793
00040513
dfffa717
0af70223
315020ef
f6dff06f
00070793
fc0786e3
00c7a703
fe871ae3
00c42703
00e7a623
fb9ff06f
08050463
00052783
ff010113
00812423
00112623
00912223
00050413
02078e63
00058493
dfffa597
0585a583
b1dff0ef
dfffa597
0585a583
00040513
b0dff0ef
00048c63
0004a783
00078863
dfffa797
0387a783
00079c63
00c12083
00812403
00412483
01010113
00008067
0007a683
00042703
00e69663
0004a703
00e7a023
00c7a783
fd1ff06f
00008067
00251513
00007797
da878793
00a787b3
0207a503
00008067
04050063
02058263
00060663
00052783
00f62023
00068663
01a55783
00f69023
00000513
00008067
00060663
00452783
00f62023
fe0686e3
01c55783
fe1ff06f
ffa00513
00008067
00007797
eb47d783
00000513
00178713
00007697
eae69223
00007717
ea675703
04e7f063
00007717
e9472703
00070863
00007697
e8c6d683
00d7fc63
00007717
e8472703
00f707b3
0147c503
00008067
40d787b3
0ff7f793
00f70733
00074503
00008067
fe010113
01212823
00100913
00912a23
01312623
01412423
01512223
00112e23
00812c23
00050493
00007797
e2079423
00007997
e2098993
00090a13
00200a93
00007417
e1a45403
00007797
e087d783
0287e463
01c12083
01812403
01412483
01012903
00c12983
00812a03
00412a83
02010113
00008067
f25ff0ef
fd2502e3
03550463
fc0508e3
f15ff0ef
fcaa74e3
00007797
dc07d783
ffe78793
00f507b3
00f99023
f9dff06f
ef5ff0ef
00400793
faf512e3
00007797
d9c7d783
00178793
f887dae3
ed9ff0ef
00851413
01041413
ecdff0ef
01045413
008567b3
01079793
0107d793
fff78713
01071713
01075713
22f00693
00e6f463
23000793
02f49b23
f41ff06f
00007797
d3c7c783
0107f793
06078063
01e55783
ff010113
00812423
00112623
0107f793
00050413
00079c63
09052783
00078863
01052503
ff100593
000780e7
00040593
dfffa517
de450513
968ff0ef
00040513
ff4fe0ef
00c12083
00812403
00100513
01010113
00008067
00000513
00008067
fe010113
00812c23
01212823
01312623
01412423
00112e23
00912a23
01512223
01612023
00050913
00058413
00007997
ca498993
00007a17
c98a0a13
06040863
00c42683
0009a483
0056c703
0046c783
0076c503
00871713
00f76733
0066c783
01851513
01079793
00e7e7b3
00f56533
1b0050ef
00c42783
00050a93
00845b03
00c7c503
00d7c783
416484b3
415484b3
00879793
00a7e533
170050ef
00357793
00f037b3
40f484b3
0204d863
01c12083
00040513
01812403
01412483
01012903
00c12983
00812a03
00412a83
00012b03
02010113
00008067
00442503
00042483
a09fd0ef
06a95783
00007717
be475703
40a787b3
06f91523
00845783
00040513
00048413
00e787b3
00fa1023
a31fe0ef
f2dff06f
00007797
bb57c783
fe010113
00812c23
01212823
00112e23
00912a23
01312623
01412423
0107f793
00050413
00007917
b9490913
1a078863
00092683
05852703
06455603
05c52583
00007997
b7498993
40d70533
0009a783
02054863
00d71663
40f58733
02074263
04f59863
00007717
b6472703
00e74503
00f74703
00871713
00a76733
02e67a63
00007717
b4872703
00e74503
00f74703
00871713
00a76733
06645503
06e41223
00e57463
06e41323
04d42c23
04f42e23
04842683
40f68733
3a074463
00007717
af275703
06071c63
06445703
05c42503
00b60633
00a70733
06c71263
03441703
04074e63
04f69c63
04744783
0ff00713
00e78c63
00178793
0ff7f793
04f403a3
00300713
02f77a63
04c45703
03645783
00f707b3
01079793
0107d793
00e7ea63
04f41623
00040513
370020ef
0100006f
fff00793
fedff06f
fee786e3
03842683
08068e63
03c42783
0009a703
40e787b3
0807d663
04041703
dfffa597
b445d583
01069693
40375613
0106d693
01061613
01065613
40d587b3
40c787b3
01079793
0107d793
00e78733
01071713
41075713
01079513
04e41023
41055513
00055a63
40b686b3
00d60633
01061793
0107d793
04241683
40375713
02042c23
4026d613
40c686b3
00d787b3
01079793
0107d793
04f41123
00e787b3
04f41223
00007617
9d265603
00092703
02842783
4a060a63
01442583
00600693
4ab6e463
40e785b3
fff58693
4206ce63
fff70693
00c686b3
40f686b3
4206c663
00008797
8ac7d783
00008497
89c48493
0044a503
01059593
0105d593
40b787b3
00f49423
00855783
40b787b3
01079793
0107d793
00a55703
3cb76a63
b84fd0ef
02842703
00c4a783
00875693
00d782a3
01075693
00d78323
01875693
00e78223
00d783a3
00e92023
00070793
02c45683
fff68693
00f686b3
40e686b3
3c06c063
3af71e63
00008997
82098993
00c9a783
00008497
81c4d483
00007a17
8fea0a13
00c7c503
00d7c783
00879793
00a7e533
625040ef
00357513
00a03533
00a487b3
01079793
02c45703
0107d793
00fa1023
0ef77863
00c9a783
00c7c503
00d7c783
00879793
00a7e533
5ed040ef
00157513
04050863
00c9a783
00d7c483
00c7c703
00849493
00e4e4b3
00048513
5c9040ef
03e57513
5c1040ef
ffffc7b7
0ff78793
00f4f4b3
00956533
00c9a703
01051793
0107d793
0087d793
00a70623
00f706a3
02c45783
00f99423
00c9a783
00c7c503
00d7c783
00879793
00a7e533
579040ef
00257513
00050a63
00007797
7447d783
fff78793
00f99423
00007597
7345d583
0049a503
d18fd0ef
00c9a783
00007497
7204d483
00c7c503
00d7c783
00879793
00a7e533
531040ef
00357513
00a03533
00a487b3
01079793
0107d793
00fa1023
00092703
00040513
00f70733
02e42423
02c45703
40f707b3
02f41623
d08fe0ef
0049a783
0087d703
00070a63
00006717
7af72223
00007797
6a07aa23
00c9a783
00c7c503
00d7c783
00879793
00a7e533
4c5040ef
00157513
00050c63
00006797
7787c783
0207e793
00006717
76f70623
01e45783
0017f713
22070463
ffe7f793
0027e793
2200006f
fff78713
40d70733
1a074863
05442703
40f70733
1a074263
01e45703
00477613
00060c63
ffb77713
00e41f23
04e45703
06041623
04e41623
04041703
04245603
04041323
40375713
00c70733
01442603
04e41223
04f42423
00300713
08c77463
40d787b3
01079493
04c45a03
04e45783
0104d493
04fa7a63
01e45503
000017b7
80078793
00f57533
03645583
00153513
00150513
18d050ef
00050793
01051513
01055513
00a4f463
00048793
00fa07b3
01079793
0107d793
0147f463
fff00793
04f41623
0200006f
06c45703
009707b3
01079793
0107d793
08e7e063
0947f263
06f41623
07442583
00040513
999ff0ef
07042583
06a42a23
00040513
989ff0ef
07442783
00006697
64c6d683
06a42823
0017b713
40e00733
02e41a23
06845703
02040023
00d70733
06e41423
01e45703
01471693
ba06d4e3
06079c63
02051a63
01e45783
fffff737
7ff70713
00e7f7b3
00f41f23
b89ff06f
000107b7
fff78793
414787b3
06f41623
03645783
f41ff06f
00c52683
0056c703
0046c783
0076c503
00871713
00f76733
0066c783
01851513
01079793
00e7e7b3
00f56533
309040ef
05042783
40f50533
f8055ce3
b31ff06f
00c7a683
fc1ff06f
00040513
070020ef
b1dff06f
40e585b3
01059593
00f51423
00051523
0105d593
00052503
c11ff06f
40f706b3
c406d0e3
01e45783
0027e793
00f41f23
00040513
01812403
01c12083
01412483
01012903
00c12983
00812a03
02010113
0180206f
0017e793
00f41f23
01c12083
01812403
01412483
01012903
00c12983
00812a03
02010113
00008067
40f706b3
0006cc63
40e787b3
02c45703
fff78793
00e787b3
fc07d4e3
01e45783
d99ff06f
00452783
fc010113
02812c23
02912a23
03312623
02112e23
03212823
03412423
03512223
03612023
01712e23
00006997
4d898993
00f9a023
00a55783
01300413
00050493
30f47e63
dfff9a97
5a8a8a93
000aa583
014aa503
324040ef
30051263
014aa783
0e000713
0f07f793
2ee78a63
0009a783
00c7c503
00d7c783
00879793
00a7e533
1a5040ef
00a55593
0fc5f593
2cb47863
0084d783
2cb7e463
fec58793
01079793
0107d793
00006717
44f71d23
00006717
44072623
00a4d703
00006917
44490913
22b76063
00048513
00f91023
e45fc0ef
0009a403
00006b97
41cb8b93
00006a17
410a0a13
00144783
00044503
00879793
00a7e533
131040ef
00a40023
00855513
00a400a3
0009a403
00344783
00244503
00879793
00a7e533
10d040ef
00a40123
00855513
00a401a3
0009a403
00544703
00444783
00744503
00871713
00f76733
00644783
01851513
01079793
00e7e7b3
00f56533
0e9040ef
00855793
00f402a3
01055793
00f40323
01855793
00a40223
00f403a3
0009a403
00aba023
00944703
00844783
00b44503
00871713
00f76733
00a44783
01851513
01079793
00e7e7b3
00f56533
099040ef
00855793
00f404a3
01055793
00f40523
01855793
00a40423
00f405a3
0009a403
00aa2023
00f44783
00e44503
00879793
00a7e533
049040ef
0009a783
00a40723
00855513
00a407a3
00c7c503
00d7c783
00879793
00a7e533
025040ef
03f57793
0ff57693
00006717
2cf70ca3
00357513
0084d603
00006717
2ca70713
12051263
00c71023
dfff9b17
3a4b0b13
000b2803
004aa883
0009a703
010aa583
00080413
00000513
14041063
dfff9517
39052503
28051263
dfff9597
37c58593
0005a603
014aa303
00060913
34091a63
00d74783
00c74503
00879793
00a7e533
7a0040ef
00457513
0c051863
0009a703
00006597
2525d583
000ba603
00174683
00374783
00274503
00074803
00869693
00879793
0106e833
00a7e7b3
00c58633
004aa503
000a2583
dfff9717
33070713
dfff9697
32c68693
42d0006f
01400593
00048513
c29fc0ef
00a4d403
00048513
00006a17
20aa5a03
00040593
00891023
c0dfc0ef
0004a503
408a0933
01091913
00a55783
01095913
0527e063
00452783
00090593
00006717
1cf72823
be1fc0ef
0084d783
00f40433
41440433
00849423
d8dff06f
00160793
01079793
0107d793
00f71023
ecc7fae3
03812403
03c12083
03012903
02c12983
02812a03
02412a83
02012b03
01c12b83
00048513
03412483
04010113
c11fc06f
00844303
00030a63
0288c783
00178793
0ff7f793
12f31863
00174783
00074e03
01c45303
00879793
01c7e7b3
10f31c63
00374783
00274e03
01a45303
00879793
01c7e7b3
10f31063
00442783
0eb79c63
00042303
014aa783
0ef31663
00050a63
00c42783
008b2023
00f52623
01042623
00007917
ff890913
00007797
fe07a823
00c91423
00992223
00e92623
00006797
0c07a423
00006797
0c078223
00006797
0c079023
0086f693
00068863
00d4c783
0017e793
00f486a3
07842783
30078e63
00040513
fe4fe0ef
ff300793
00f50c63
07842783
30078263
00006797
0827d783
2e078c63
02e45783
00079663
00040513
349010ef
00492503
dfff9797
1607a023
00006797
0407aa23
00050863
b01fc0ef
00007797
f407ae23
03c12083
03812403
03412483
03012903
02c12983
02812a03
02412a83
02012b03
01c12b83
04010113
00008067
00040513
00c42403
d75ff06f
00854603
00060a63
0288c783
00178793
0ff7f793
0cf61663
00174783
00074603
01c55803
00879793
00c7e7b3
0af81a63
00374603
00274783
00861613
00f66633
01a55783
08c79e63
00452603
08c59a63
00052303
014aa603
08c31463
0046f713
e20710e3
0026f713
00006597
fa25d583
04070263
000ba603
02852703
40e606b3
0406c463
02c55683
40c70733
00e68733
02074c63
00c58633
000a2583
dfff9717
08470713
dfff9697
08068693
0e5010ef
dd1ff06f
0016f693
00068863
dfff9797
03c7a783
02f52223
da058ce3
01e55783
0027e793
00f51f23
291010ef
da5ff06f
00c52503
c99ff06f
00894803
00080a63
0288c783
00178793
0ff7f793
02f81463
00374783
00274e03
01a95803
00879793
01c7e7b3
00f81863
00092783
0a6782e3
0a0780e3
00090513
00c92903
c69ff06f
0026f693
d40686e3
01894503
b25fe0ef
00050413
02051063
01c92783
d2078ae3
01092503
fff00613
00000593
000780e7
d21ff06f
014aa783
00f52023
010aa783
00f52223
01a95783
00f51d23
0009a783
0007c703
0017c783
00879793
00e7e7b3
00f51e23
00300793
00f52a23
000ba783
00178793
02f52423
02f52823
cd5fe0ef
000ba783
04a42e23
04a42a23
fff78793
04f42c23
01092783
04a42423
06a42023
00f42823
07242e23
00994783
00c7f793
00f404a3
00894783
00f40423
000b2783
008b2023
00f42623
dd4fd0ef
00100793
dfff9717
eef70823
00006797
e1a7d783
00078663
00040513
fb1fe0ef
0009a783
00440613
00060513
00e7c703
00f7c783
03645903
00c12623
00879793
00e7e7b3
06f41223
06f41323
710030ef
00c12603
00050593
00090513
c49fe0ef
02a41b23
01200593
00040513
2c0010ef
00050a63
00000593
00040513
f80fe0ef
c05ff06f
00040513
e55ff06f
00006497
d814c483
dfff9797
e687ac23
0044f793
0a078463
01442703
00200793
06f71863
05442703
000a2783
02f71263
00006797
d507c783
0087e793
00006717
d4f70223
01e45783
ffe7f793
00f41f23
00006797
d307c783
0087f793
5c078063
09042783
00078863
01042503
ff200593
000780e7
00040593
dfff9517
df450513
978fe0ef
00040513
805fd0ef
c91ff06f
02842783
000ba683
f8d78ce3
40f68733
fa0748e3
02c45703
40d787b3
00f707b3
fa07c0e3
01e45783
0200006f
0024fa93
01e45783
000a8e63
01442703
00100693
ffe70713
00e6f663
0027e793
f71ff06f
0107f793
00079863
dfff9797
d887a783
02f42223
00006797
ca67d783
08041d23
00078663
00040513
e39fe0ef
01442703
ffe70793
020a8863
00100693
f2f6eae3
00300793
04f71263
02842783
000ba703
fff78793
f0e79ee3
00040513
41c010ef
f11ff06f
00700713
f0f764e3
00006717
b2870713
00279793
00e787b3
0007a783
00e787b3
00078067
0124f793
01200713
12e79663
04842783
000a2703
00178793
12e79263
000ba703
0009a683
04f42423
00170613
02c42423
02c42823
00f6c783
00e6c603
fff70713
00879793
00c7e7b3
06f41223
06f41323
00400793
00f40633
04e42c23
00f42a23
00060513
03645483
00c12623
4fc030ef
00c12603
00050593
00048513
a35fe0ef
000017b7
00151713
02a41b23
11c78793
00251513
00070693
00f77463
00078693
06d57463
01051513
01055513
06a45783
04a41623
07442503
fff78793
06f41523
04051e63
07042503
00052783
06f42823
9bdfd0ef
07442783
04079863
fff00793
02f41a23
08842783
e60782e3
01042503
00000613
00040593
000780e7
ff300793
e4f516e3
ab1ff06f
00001537
11c50513
f8e7fee3
01071513
f91ff06f
00052783
06f42a23
fadff06f
02041a23
04040323
fb5ff06f
0104f493
da0488e3
0009a703
00006597
ada5d583
000ba603
00174683
00374783
00274503
00074803
00c58633
000a2583
00869693
00879793
00a7e7b3
0106e833
dfff9717
bbc70713
dfff9697
bb868693
00040513
418010ef
04644703
00500793
d4e7eae3
02041a23
00040513
425010ef
d45ff06f
0104f493
d2048ee3
000a2583
04842703
fff58793
40e787b3
0e07c063
05442783
40b787b3
0c07ca63
00400793
00f42a23
07c42783
00079863
00040513
dc4fe0ef
9cdff06f
01c7a783
fe0788e3
01042503
00000613
00040593
000780e7
00050863
ff300793
9af504e3
fd1ff06f
00040513
e4dfe0ef
00006797
a007d783
00078863
fff78793
00006717
9ef71823
03645783
00001737
11c70713
00179693
00068613
00279793
00e6f463
00070613
02c7fc63
01079793
0107d793
04f41623
00006797
9b47c783
0207f793
c6078ce3
01e45783
0027e793
00f41f23
00700793
00f42a23
c61ff06f
000017b7
11c78793
fcd776e3
01069793
fc1ff06f
0009a703
00006517
97655503
000ba603
00174683
00374783
00274883
00074803
00869693
00879793
0106e833
00c50633
0117e7b3
dfff9717
a5c70713
dfff9697
a5868693
00040513
2b8010ef
bfdff06f
00040513
d71fe0ef
f6dff06f
00040513
d65fe0ef
00006717
91474703
00006797
90d7c783
02077713
0107f793
08070e63
01e45703
00276713
08078263
05442683
000a2783
06f69c63
07042783
06079863
00e41f23
00040513
81dfd0ef
000b2783
02f41463
00c42783
00fb2023
0200006f
00c7a703
00e41863
00c42703
00e7a623
00c0006f
00070793
fe0794e3
00100793
dfff9717
98f70023
00a00793
00f42a23
dfff9797
98478793
0007a703
0087a023
00e42623
838fd0ef
b41ff06f
00e41f23
00800793
ed1ff06f
b20788e3
05442703
000a2783
b2f712e3
07042783
b0079ee3
00600793
eb1ff06f
00040513
c89fe0ef
00006797
8387c783
0207f793
ae078ee3
01e45783
00040513
0027e793
00f41f23
f64fd0ef
000b2783
f4f406e3
f60788e3
00c7a703
f4e40ae3
00070793
ff1ff06f
00040513
c41fe0ef
00005797
7f17c783
0107f793
aa078ae3
05442703
000a2783
aaf714e3
07042783
aa0790e3
00040513
f14fd0ef
000b2783
eef40ee3
f20780e3
00c7a703
f0e402e3
00070793
ff1ff06f
00040513
bf1fe0ef
00005797
7a17c783
0107f793
a60782e3
05442703
000a2783
a4f71ce3
07042783
a40798e3
00005797
77c7c783
0107e793
00005717
76f70823
a39ff06f
00005617
76865603
00060a63
08042783
04079063
00005797
74079a23
00040513
a09fe0ef
ec051e63
00005497
73848493
0004a603
06060063
01e45783
0107f793
02078463
00060513
9d0fc0ef
ce1ff06f
01042503
00040593
000780e7
ff300793
faf51ae3
e9cff06f
08442783
00000693
00040593
06078263
01042503
000780e7
ff300793
e6f50e63
00050663
0004a783
06f42c23
00005797
6d07c783
0207f793
00078c63
07842783
02078c63
00d7c703
02076713
00e786a3
00040513
dfff8797
7a07a423
965fe0ef
e2051c63
00040513
1f4010ef
e2cff06f
d81fd0ef
fa5ff06f
02c45783
69000713
00e78663
00178793
02f41623
08442783
fc0780e3
01042503
00000693
00000613
00040593
000780e7
ff300793
faf512e3
de8ff06f
00050a63
00c92783
0125a023
00f52623
00c92623
0046f793
ca079463
0106f793
f4078863
00005597
6265d583
000ba603
00174683
00374783
00274503
00074803
00c58633
000a2583
00869693
00879793
0106e833
00a7e7b3
dfff8717
70870713
dfff8697
70468693
00088513
00c010ef
c50ff06f
00005717
5d470713
00074783
0107e793
00f70023
00008067
fe010113
01512223
00050a93
00300513
00912a23
01212823
01312623
01412423
01612023
00112e23
00812c23
00058993
00060913
00068a13
00070b13
00271493
909fb0ef
02051e63
00098513
824fc0ef
00000413
01c12083
00040513
01812403
01412483
01012903
00c12983
00812a03
00412a83
00012b03
02010113
00008067
01650523
0089d783
0044f493
00050413
409787b3
00052023
01352223
00f51423
01400593
00098513
f31fb0ef
00050863
00040513
b7cfd0ef
f99ff06f
00442783
01aad503
0047a983
01342623
231030ef
00855793
00a98023
01cad503
00f980a3
00c42983
219030ef
00a98123
00855513
00a981a3
00c42983
000a0513
219030ef
00855793
00a98223
00f982a3
01055793
01855513
00a983a3
0024d513
00550513
00c51513
00f98323
00a96533
00c42983
1cd030ef
00c42783
00a98623
00855513
00a986a3
00078923
000789a3
f09ff06f
fd010113
03212023
01312e23
00e12623
00060913
00068713
00068993
00060693
0085d603
02812423
00058413
02912223
01412c23
00050493
0045aa03
00040513
00600593
02112623
68d030ef
00855793
00aa0823
00fa08a3
00c12803
04048863
00b4c683
00a4c703
00098613
00090593
00600793
00040513
200030ef
00050493
00040513
e9dfb0ef
02c12083
02812403
02012903
01c12983
01812a03
00048513
02412483
03010113
00008067
00000713
0ff00693
fb5ff06f
01458593
fd010113
01059593
02912223
01412c23
00060493
00050a13
28000613
0105d593
02200513
03212023
01312e23
01512a23
01612823
01712623
02112623
02812423
00068b93
00070b13
00078993
00080913
ebdfb0ef
00050a93
0a050663
00452403
000b8513
08d030ef
00855693
00d400a3
00a40023
000b0513
079030ef
0084d793
00855713
00940223
00f402a3
0104d793
0184d493
00a40123
00e401a3
00f40323
009403a3
000a0513
061030ef
00855793
01855713
00a40423
00f404a3
01055793
00005537
00f40523
00e405a3
00a9e533
021030ef
00855793
00a40623
00f406a3
00090513
00d030ef
00855793
00a40723
00f407a3
00040823
000408a3
00040923
000409a3
02c12083
02812403
02412483
02012903
01c12983
01812a03
01012b03
00c12b83
000a8513
01412a83
03010113
00008067
ff010113
00812423
02e55803
01c55703
01a55683
00050413
02852503
01000793
00112623
ea5ff0ef
00050a63
02e45703
02842783
00e787b3
02f42823
00c12083
00812403
01010113
00008067
fe010113
00812c23
00912a23
01212823
01312623
00112e23
00050413
00058493
00060993
00068913
04050263
00854503
02050e63
9f9fb0ef
00050713
02050e63
00040513
01812403
01c12083
00090693
00098613
01012903
00c12983
00048593
01412483
02010113
d5dff06f
00090513
311020ef
fc5ff06f
00048513
c69fb0ef
01c12083
01812403
01412483
01012903
00c12983
ffc00513
02010113
00008067
46050863
fa010113
06655703
03b12623
03655d83
04812c23
05512223
03912a23
03a12823
00175713
04112e23
04912a23
05212823
05312623
05412423
05612023
03712e23
03812c23
00050413
00058c93
00060a93
00068d13
00070793
00edf463
000d8793
01079793
0107d793
00078463
00078d93
ff000513
2e0c8263
01442783
00200713
ffe78693
00d77863
00700713
ff500513
2ce79463
020a8663
06845783
0157fc63
01e45783
0807e793
00f41f23
fff00513
2a80006f
06a45703
00700793
fee7e2e3
07042b03
06a45c03
2c0b0a63
000b0993
000b2b03
fe0b1ce3
340a8063
00a9c783
0089da03
00279793
414d8933
0047f793
40f90933
01091913
01095913
2a090a63
2a0a0e63
000a8a13
01595463
00090a13
010a1913
001d7793
01095913
06078063
28000613
00090593
00000513
bbdfb0ef
00050493
32050863
00452503
000a0613
000c8593
274040ef
00048513
e61fb0ef
00ac0533
01051c13
010c5c13
00098b13
00000a13
001d7793
00000b93
00012823
01b11b23
00f12c23
1880006f
0049a483
00048793
0004a483
fe049ce3
00c7c683
03f00713
00d76a63
00a7d703
0047a783
00e787b3
22fc8063
00100613
00090593
00000513
b35fb0ef
00050493
2a050463
01952223
f89ff06f
412a87b3
00078713
01079793
0107d793
00fdf463
01615703
01071793
0107d793
00f12623
01812783
04078863
00c12583
28000613
03600513
ae9fb0ef
00050b13
06050e63
00c12603
00452503
012c85b3
1a0040ef
000b0513
d8dfb0ef
00ac0533
01051c13
010c5c13
00800793
0987f463
000b0513
0440006f
00c12583
00100613
03600513
a9dfb0ef
02050a63
012c8733
00e52223
00a12e23
28000613
00000593
03600513
a7dfb0ef
01c12783
00050b13
02051c63
00078513
9c1fb0ef
00048b13
01e45783
0807e793
00f41f23
000b0663
000b0513
9a5fb0ef
e00b86e3
000b8513
d99fc0ef
e01ff06f
00078593
d31fb0ef
f65ff06f
06042683
000b0593
00000713
00d906b3
00000613
00040513
8fdff0ef
00050b13
fa0504e3
0a0b8a63
01012783
00a7a023
00c12783
01612823
00f907b3
01079913
01095913
ed5964e3
0c048663
0049a503
00048593
cd5fb0ef
0089d783
0084d703
00e787b3
00f99423
0e099c63
07742823
06042783
07841523
015787b3
06f42023
06845783
415787b3
06f41423
000b0663
00cb2783
0c079a63
00000513
05c12083
05812403
05412483
05012903
04c12983
04812a03
04412a83
04012b03
03c12b83
03812c03
03412c83
03012d03
02c12d83
06010113
00008067
00050b93
f55ff06f
00000993
00000493
00000a13
00000913
db9ff06f
00000a13
00000493
dadff06f
00000913
ff5ff06f
00090a13
00098b13
d99ff06f
f40a0ae3
0049a783
0087d703
0007a683
00ea0733
01071713
01075713
00e79423
02069063
00a7d703
00ea0733
00e79523
0089d783
00fa0a33
01499423
f19ff06f
00068793
fc5ff06f
00000b93
0179a023
f0dff06f
002d7d13
f20d16e3
00d7c503
00c7c703
00851513
00e56433
00800513
28c030ef
00a46533
00cb2703
01051793
0107d793
0087d793
00a70623
00f706a3
ef5ff06f
00000b93
e21ff06f
ff000513
00008067
fc010113
02812c23
07052403
02112e23
02912a23
03212823
03312623
03412423
03512223
03612023
01712e23
08040663
00050913
00058493
ffa00513
08058063
00845a83
1f55f063
00a44b03
40ba89b3
01099993
002b1b93
004bfb93
0109d993
013b85b3
01059593
28000613
0105d593
03600513
801fb0ef
00050a13
02050e63
00442503
00845783
004a2583
00855683
00098613
017585b3
40f686b3
00d486b3
01069693
0106d693
ce1fb0ef
03350e63
000a0513
f18fb0ef
fff00513
03c12083
03812403
03412483
03012903
02c12983
02812a03
02412a83
02012b03
01c12b83
04010113
00008067
00c42783
00c7c503
00d7c783
00879793
00a7e533
15c030ef
00857613
0ff57993
12061263
03f9f993
0019f793
00078663
0fe9f993
00166613
00c42683
00c12623
0056c703
0046c783
0076c503
00871713
00f76733
0066c783
01851513
01079793
00e7e7b3
00f56533
120030ef
00c12603
00a486b3
000a0593
000b0713
00090513
df4ff0ef
00050a13
f40504e3
00442503
415484b3
01049493
9b9fb0ef
06a95783
0104d493
40a787b3
00442503
06f91523
00855583
00b485b3
01059593
0105d593
879fb0ef
00845783
00098513
00f484b3
00c42783
00941423
00c7c703
00d7c783
00879793
00e7e4b3
088030ef
00c42683
00a4e7b3
01079713
01075713
00442503
00f68623
00875793
00f686a3
945fb0ef
06a95783
00f50533
06a91523
004a2503
931fb0ef
06a95783
00f50533
00042783
06a91523
00fa2023
01442023
00000513
e95ff06f
0379f993
00800613
eddff06f
0015d713
fe010113
00177713
00812c23
00912a23
01212823
00050413
00058493
0035f913
28000613
00271593
03600513
00e12623
00112e23
e04fb0ef
00c12703
02051663
01e45783
fff00513
0807e793
00f41f23
01c12083
01812403
01412483
01012903
02010113
00008067
06042683
00050593
00048613
00040513
ca8ff0ef
fc0502e3
07042783
04079463
06a42823
02090263
06042783
0014f493
00178793
06f42023
00048863
01e45783
0207e793
00f41f23
00452503
849fb0ef
06a45783
00f50533
06a41523
00000513
f89ff06f
00078713
0007a783
fe079ce3
00a72023
fb1ff06f
07052783
ff010113
00912223
00112623
00812423
01212023
00050493
02078863
00078913
0007a783
fe079ce3
00c92783
00c7c503
00d7c783
00879793
00a7e533
6fd020ef
00757513
02050263
00812403
00c12083
00012903
00048513
00412483
00100593
01010113
eb5ff06f
00c92783
00100513
00c7c703
00d7c783
00879793
00e7e433
6b9020ef
00c92683
00a467b3
01079713
01075713
00f68623
00875793
00f686a3
01e4d783
00c12083
00812403
0207e793
00f49f23
00012903
00412483
00000513
01010113
00008067
07452703
0e070e63
fe010113
00812c23
00112e23
00912a23
01212823
01312623
00050413
00070793
00100693
00078913
00492603
0007a783
00e64603
0a079c63
ffa00513
08d61a63
07042783
00c92683
00f92023
01e45783
06e42823
00001737
80070713
00e7e7b3
06042a23
00f41f23
0056c703
0046c783
0076c503
00871713
00f76733
0066c783
01851513
01079793
00e7e7b3
00f56533
5f1020ef
00c92783
00050493
00895983
00c7c503
00d7c783
013484b3
00879793
00a7e533
5b5020ef
00357793
00f037b3
00978533
04a42823
02042c23
00000513
01c12083
01812403
01412483
01012903
00c12983
02010113
00008067
f2d60ce3
ffa00513
fddff06f
ffa00513
00008067
fe010113
00912a23
07452483
00112e23
00812c23
01212823
01312623
0e048863
0044a783
00050413
ffa00513
00e7c703
00100793
02f71c63
0004a783
07040913
06f42a23
00092783
04079063
00092783
0ff00713
00f4a023
00992023
04644783
0ae79063
02042c23
00000513
01c12083
01812403
01412483
01012903
00c12983
02010113
00008067
00c7a683
0056c703
0046c783
0076c503
00871713
00f76733
0066c783
01851513
01079793
00e7e7b3
00f56533
4cd020ef
00c4a683
00050993
0056c703
0046c783
0076c503
00871713
00f76733
0066c783
01851513
01079793
00e7e7b3
00f56533
499020ef
40a989b3
00092783
f409dce3
00078913
f49ff06f
00178793
04f40323
f5dff06f
ffa00513
f5dff06f
07452783
08078a63
01e55783
ff010113
00812423
00112623
0047f793
00050413
06079463
ec9ff0ef
06051063
06445683
04c45703
00068793
00d77463
00070793
03645703
01079793
0107d793
4017d613
0017d793
04f41723
00171693
00d67863
01069793
0107d793
04f41723
00d70733
00e787b3
04f41623
01e45783
02041a23
0047e793
00f41f23
00c12083
00812403
01010113
00008067
00008067
fd010113
02812423
00050413
00058513
02912223
03212023
01312e23
02112623
00060993
00068493
00070913
00f12623
01012423
39d020ef
00812703
00c12683
00009837
00050613
00680813
01400793
00000593
00098513
a6cff0ef
02050863
00050593
00040513
02812403
02c12083
01c12983
00090693
00048613
02012903
02412483
03010113
bc0ff06f
02c12083
02812403
02412483
02012903
01c12983
03010113
00008067
fd010113
02812423
02912223
03212023
02112623
01312e23
00f12623
01012423
00050413
00068493
00070913
06050463
00058513
00060993
2f1020ef
00812703
00c12683
00009837
00050613
00000593
00680813
01400793
00098513
9c0ff0ef
00050593
02050863
00040713
02812403
02c12083
01c12983
00090693
00048613
02012903
02412483
00000513
03010113
8d4ff06f
02c12083
02812403
02412483
02012903
01c12983
03010113
00008067
ff010113
00812423
00050413
05452503
00112623
265020ef
00050613
00000593
00040513
a80ff0ef
02051263
01e45783
ffe00513
0037e793
00c12083
00f41f23
00812403
01010113
00008067
00050593
00440693
00040613
00040513
a94ff0ef
01e45783
00050663
0037e793
fcdff06f
ffc7f793
01079793
0107d793
fbdff06f
dfff7797
5a07a783
62a78263
fc010113
02912a23
07052483
02812c23
02112e23
03212823
03312623
03412423
03512223
03612023
01712e23
01812c23
01912a23
01a12823
01b12623
00050413
04049e63
01e55783
0027f793
12079663
01e45783
00000513
f7f7f793
00f41f23
03c12083
03812403
03412483
03012903
02c12983
02812a03
02412a83
02012b03
01c12b83
01812c03
01412c83
01012d03
00c12d83
04010113
00008067
04c55b03
06455983
00450a93
02050063
00854503
00050c63
bddfa0ef
00050913
02051063
ffc00513
f9dff06f
000a8513
519010ef
00050913
fe0506e3
00040663
00042783
00079663
00092783
00f42023
000b0a13
0169f463
00098a13
00c4a683
010a1a13
010a5a13
0056c703
0046c783
0076c503
00871713
00f76733
0066c783
01851513
01079793
00e7e7b3
00f56533
0c1020ef
0084d783
04842703
40e787b3
00a787b3
06fa7a63
06445783
03479063
07442783
00079c63
09944783
00079863
10000793
08f41c23
08040d23
01e45783
0027f793
ee0780e3
00040513
03812403
03c12083
03412483
03012903
02c12983
02812a03
02412a83
02012b03
01c12b83
01812c03
01412c83
01012d03
00c12d83
04010113
dc5ff06f
07442983
08040ca3
00098a63
00098793
0009a983
fe099ce3
00078993
00200b13
00100b93
dfff7c17
3acc0c13
02040cb7
15c0006f
0004a783
06f42823
01442783
01678863
01e45783
ffc7f793
00f41f23
00c4a683
0056c703
0046c783
0076c503
00871713
00f76733
0066c783
01851513
01079793
00e7e7b3
00f56533
7bc020ef
00c4a783
00050d13
0084dd83
00c7c503
00d7c783
01bd0d33
00879793
00a7e533
780020ef
00357793
00f037b3
01a78533
05442783
40a787b3
0007d463
04a42a23
00c4a783
0084dd03
00c7c503
00d7c783
00879793
00a7e533
748020ef
00357513
00051463
360d0e63
07442783
0004a023
00079863
06942a23
00048993
0880006f
00c4a683
0056c703
0046c783
0076c503
00871713
00f76733
0066c783
01851513
01079793
00e7e7b3
00f56533
70c020ef
00c9a683
00050d13
0056c703
0046c783
0076c503
00871713
00f76733
0066c783
01851513
01079793
00e7e7b3
00f56533
6d8020ef
40ad0d33
2e0d5863
07440d13
000d2783
26079663
000d2783
00f4a023
009d2023
07042483
d0048ae3
00c4a683
0056c703
0046c783
0076c503
00871713
00f76733
0066c783
01851513
01079793
00e7e7b3
00f56533
680020ef
04842783
40f50533
0084d783
00f50533
ccaa68e3
00c4a783
00c7c503
00d7c783
00879793
00a7e533
63c020ef
07442783
04078463
01e45783
0447f713
02071e63
07042703
00070c63
00072683
02069663
00875683
03645703
02e6f063
06845703
00070c63
06a45683
00700713
00d76663
0a07f793
c60786e3
01442783
03678e63
00c4a783
00d7c503
00c7c703
00851513
00e56d33
01000513
5cc020ef
00ad6533
00c4a703
01051793
0107d793
0087d793
00a70623
00f706a3
0044a783
00e7c783
db779ce3
02842503
00c4ad03
5b0020ef
00855793
00ad0423
00fd04a3
01055793
01855513
00ad05a3
02e45503
00fd0523
00c4ad03
570020ef
02e45703
02842783
00ad0723
00855513
00ad07a3
00e787b3
02f42823
00a4c783
0017f793
02078263
000a8613
00090593
23000513
00c4ad03
e8dfc0ef
01956533
544020ef
00ad2a23
03441783
0007d463
02041a23
03842783
04079063
000c2783
00c4a683
02f42c23
0056c703
0046c783
0076c503
00871713
00f76733
0066c783
01851513
01079793
00e7e7b3
00f56533
4f4020ef
02a42e23
0044a503
00c4ad03
00040693
00452783
00855603
00a55703
40fd07b3
01079793
0107d793
40f60633
01061613
40f70733
01065613
00e51523
00c51423
01a52223
000a8713
00600593
000d0823
000d08a3
1ad020ef
00ad0823
00855513
00ad08a3
00a44703
00b44683
0044a503
00090813
00600793
000a8613
00040593
525010ef
c60504e3
01e45783
0807e793
00f41f23
ad1ff06f
00c7a683
0056c703
0046c783
0076c503
00871713
00f76733
0066c783
01851513
01079793
00e7e7b3
00f56533
42c020ef
00c4a683
00050d93
0056c703
0046c783
0076c503
00871713
00f76733
0066c783
01851513
01079793
00e7e7b3
00f56533
3f8020ef
40ad8db3
000d2783
d20dd6e3
00078d13
d1dff06f
0099a023
c9dff06f
00048513
cf1fb0ef
d1dff06f
00000513
00008067
04654783
0ff00713
00e78663
00178793
04f50323
9b9ff06f
ff010113
00812423
00112623
00050413
d14ff0ef
00051c63
00040513
00812403
00c12083
01010113
fc1ff06f
00c12083
00812403
01010113
00008067
ff010113
00812423
00050413
05452503
00112623
fff50513
358020ef
00050613
00000593
00040513
b75fe0ef
02050263
00050593
00440693
00040613
00040513
00812403
00c12083
01010113
b9dfe06f
00c12083
00812403
fff00513
01010113
00008067
fe010113
00912a23
07052483
00112e23
00812c23
01212823
01312623
01412423
16048463
09a54783
0ff00713
00050413
00e78663
00178793
08f50d23
00c4a783
00000913
00c7c503
00d7c783
00879793
00a7e533
2a0020ef
00157513
00050663
0084d903
00193913
00c4a683
00194593
00040513
0056c703
0046c783
0076c603
00871713
00f76733
0066c783
01861613
01079793
00e7e7b3
00f66633
a9dfe0ef
00050993
10050463
00452a03
0a090a63
00da4903
00ca4783
01100513
00891913
00f96933
ffffc7b7
0ff78793
00f97933
224020ef
01256533
01051793
0107d793
0087d793
00aa0623
00fa06a3
00c4a683
0056c703
0046c783
0076c503
00871713
00f76733
0066c783
01851513
01079793
00e7e7b3
00f56533
1f4020ef
05442783
00150513
40a787b3
0007d463
04a42a23
00440693
00040613
00040513
01812403
01c12083
01412483
01012903
00812a03
00098593
00c12983
02010113
a29fe06f
0044a503
0084d783
00100613
00855683
014a0593
40f686b3
01069693
0106d693
ca5fa0ef
f69ff06f
00000513
01c12083
01812403
01412483
01012903
00c12983
00812a03
02010113
00008067
fff00513
fddff06f
00008067
00a55703
fe010113
00912a23
00112e23
00812c23
01212823
01312623
01412423
01512223
00700793
00050493
02e7e663
01812403
01c12083
01012903
00c12983
00812a03
00412a83
00048513
01412483
02010113
e5cfa06f
dfff7417
cac40413
00452a83
00058913
01442503
00042583
221010ef
001ac783
00050a13
000ac503
00879793
00a7e533
0b4020ef
003ac783
00050993
002ac503
00879793
00a7e533
09c020ef
dfff7817
c5c80813
00082583
00442303
01442603
01042e03
00058793
00000413
00000713
00079a63
0c041063
00092783
f4c79ee3
0b40006f
0127d683
10a69863
0087c883
00088a63
02834683
00168693
0ff6f693
0ed89c63
0e0a0463
0097c683
0206f693
0e068463
0007a683
00068e63
fff00893
01160a63
00492883
00c6c6b3
0116f6b3
0c069463
0107c683
0046f693
02069663
02040263
020a0263
fff00693
00d61e63
00092683
00042883
00d88863
0007a883
01169463
00078413
0147d683
09369663
0047a683
00068463
09c69063
00070a63
00c7a683
00f82023
00d72623
00b7a623
00078413
00800593
00048513
c94fa0ef
e8051ce3
e8040ae3
01842783
e80786e3
01c42503
00040593
01812403
01c12083
01012903
00812a03
00412a83
00098713
00048613
00c12983
01412483
dfff7697
b4068693
02010113
00078067
0007a683
f40682e3
f4c680e3
00078713
00c7a783
ed1ff06f
00050793
00059663
00005597
a4858593
ff000513
10078063
dfff7897
aec88893
0008a683
00068713
04071263
00000313
00068713
0a061863
00004717
a1275703
00010837
00004637
fff80813
03070a63
00170713
01071713
01075713
00068513
02051463
00070613
0380006f
00f70663
00c72703
fb5ff06f
00100313
fb5ff06f
0000c737
fd9ff06f
01255e03
02ee1463
fff60613
01061613
01065613
fa0618e3
00004517
9ae51523
04061063
ff800513
00008067
00c52503
fa9ff06f
02f70263
01275503
00c51e63
00072503
0005a803
fd050ee3
fc058ce3
fc080ae3
fc0508e3
00c72703
fc071ce3
00000713
00058463
0005a703
00e7a023
00c79923
00030663
00000513
00008067
00d7a623
00f8a023
ff1ff06f
00008067
fd010113
02812423
02112623
02912223
03212023
01312e23
01412c23
01512a23
01612823
01712623
ff000413
08050463
00058993
ff000413
06058e63
00060a13
06060a63
00078a93
06078663
00070b13
06070263
00954783
00050913
00068b93
0207f793
02078e63
01295783
00079e63
00000613
00090593
00090513
e6dff0ef
00050413
02051863
0089d703
000107b7
ff778793
04e7f863
fff00413
0180006f
00062503
00070593
ffa00413
6d0010ef
fa050ce3
02c12083
00040513
02812403
02412483
02012903
01c12983
01812a03
01412a83
01012b03
00c12b83
03010113
00008067
00800593
00098513
a18fa0ef
0e050263
28000613
00800593
02200513
b44fa0ef
00050493
f80508e3
0089d783
00078663
00098593
e60fa0ef
01295503
0044a403
505010ef
00a40023
00855513
00a400a3
000b8513
4f1010ef
00a40123
00855513
00a401a3
0084d503
00040323
000403a3
4d5010ef
00a40223
00855513
00a402a3
01094783
0017f793
02079a63
0084d603
000a0713
000a8693
01100593
00048513
1cc020ef
00051663
00010537
fff50513
00a40323
00855513
00a403a3
00a94703
00b94683
000b0813
01100793
000a0613
000a8593
00048513
2f0010ef
00050413
ef3488e3
00048513
9d0fa0ef
ee5ff06f
00098493
f45ff06f
02050e63
02058c63
02060a63
02070863
00052783
00078863
0f07f813
0e000893
01181663
00070793
dfdff06f
00072803
01079a63
00050793
ff1ff06f
ff000513
00008067
ffc00513
00008067
08050063
fe010113
01212823
00112e23
00812c23
00912a23
01312623
00058913
06058463
00060493
06060063
00050413
00854503
00068993
02050e63
e81f90ef
00050713
06050263
00040513
01812403
01c12083
00098693
00048613
00c12983
01412483
00090593
01012903
02010113
f45ff06f
00060513
799000ef
fc5ff06f
ff000513
00008067
ff000513
01c12083
01812403
01412483
01012903
00c12983
02010113
00008067
ffc00513
fe1ff06f
00050a63
00058863
01455683
00450613
f41ff06f
ff000513
00008067
00000793
00058863
0285c783
00178793
0ff7f793
00f50423
00008067
0a050863
ff010113
00912223
00112623
00812423
01212023
00058493
ff000793
06058063
01255783
00050413
00060913
02078e63
0004a783
dfff6717
6a470713
00072683
00f42223
01044783
01241a23
0047e793
00f40823
00068793
04079063
00d42623
00872023
0380006f
00000613
00050593
b65ff0ef
00050793
fa050ce3
00c12083
00812403
00412483
00012903
00078513
01010113
00008067
00879663
00000793
fddff06f
00c7a783
fb1ff06f
ff000793
00078513
00008067
00050e63
01054783
00052223
00051a23
ffb7f793
00050423
00f50823
00008067
00050663
00b52c23
00c52e23
00008067
00050593
04050263
dfff6717
5e870713
00072783
00a79a63
00c52783
00f72023
00000513
8adf906f
fe078ce3
00078713
00c7a783
fe0786e3
feb79ae3
00c5a783
00f72623
fddff06f
00008067
ff010113
00000513
00812423
00112623
81df90ef
00050413
00050c63
02000613
00000593
6f8020ef
fff00793
00f405a3
00c12083
00040513
00812403
01010113
00008067
fbdff06f
02050263
00052783
00078e63
00058c63
0005a783
00078863
dfff6797
5447a783
00079463
00008067
0007a683
00052703
00e69663
0005a703
00e7a023
00c7a783
fe1ff06f
fe010113
00912a23
00151493
01212823
00a48933
00812c23
00391913
00004417
38840413
01240933
01312623
00050993
00092503
00112e23
00050663
e8df90ef
00092023
013484b3
00349493
00940533
00050a23
00051923
00052423
00052223
00600613
00004597
42c58593
00c50513
5d0020ef
01c12083
01812403
01412483
01012903
00c12983
02010113
00008067
fd010113
03212023
01312e23
01412c23
00050913
00058993
00060a13
01c00593
28000613
00e00513
01512a23
01612823
01712623
01812423
01912223
02112623
02812423
02912223
00068c13
00070b13
00078b93
00080a93
00088c93
e85f90ef
0e050263
00452403
00050493
000c8513
055010ef
00855893
011403a3
00a40323
00600613
000c0593
00840513
524020ef
00600613
000b8593
01240513
514020ef
00400613
000b0593
00e40513
504020ef
00400613
000a8593
01840513
4f4020ef
00100793
00f400a3
00800793
00f40123
00600793
00f40223
00001737
00400793
00f402a3
80670713
000a0693
00098613
00048593
00040023
000401a3
00090513
6f0010ef
00048513
d31f90ef
00000513
02c12083
02812403
02412483
02012903
01c12983
01812a03
01412a83
01012b03
00c12b83
00812c03
00412c83
03010113
00008067
fff00513
fc9ff06f
ff010113
00400613
00004697
1c068693
00812423
00912223
01212023
00050413
00112623
00060893
00060493
00000e93
00000e13
00000313
00060713
00000513
00068913
00060813
00100f93
0146c783
03071c63
0c078063
00040863
00042283
0046af03
07e28863
09f79a63
0006af03
0126d783
060f0c63
0067ea63
00078313
00050613
0080006f
fc0798e3
00150793
01079f13
01079513
010f5f13
41055513
01868693
fb0f14e3
0025f793
fff00513
02079263
07071c63
0015f593
00058c63
00300793
0497de63
04e89a63
00060493
04c7d863
00c12083
00812403
00412483
00012903
01010113
00008067
fbc7e0e3
00078e13
00050893
f95ff06f
f8f868e3
0126d783
f9d7e4e3
00078e93
00050493
f7dff06f
00050713
f75ff06f
00088493
00048513
d01ff0ef
00048713
00171793
00040c63
00042603
00e786b3
00369693
00d906b3
00c6a223
00e787b3
00379793
00f90933
00091923
00070513
f79ff06f
02059663
ff000513
00008067
ff000513
01c12083
01812403
01412483
01012903
00c12983
02010113
00008067
fe010113
00812c23
00050413
0005a503
01212823
00112e23
00912a23
01312623
00058913
fa050ee3
00040593
00060993
00068493
70d000ef
fa0514e3
00092783
0e000713
0f07f793
f8e78ce3
00048593
00090513
e21ff0ef
00050713
00055863
01851513
41855513
f7dff06f
0044f493
00004817
fcc80813
00151793
06049063
00a786b3
00369693
00d806b3
0146c603
00500693
ffa00513
f4d606e3
00200693
00e787b3
00379793
00f804b3
00c78793
00600613
00098593
00f80533
00d48a23
0084a423
214020ef
0004a903
00049923
00091a63
00000513
f0dff06f
00500693
fc1ff06f
00001737
80070713
00098693
01e40613
00090593
00040513
0004a023
418010ef
00090513
a59f90ef
fc9ff06f
fe010113
00812c23
00112e23
00050413
00b12623
0d9000ef
02050063
00040593
01812403
00c12603
01c12083
00500693
02010113
e91ff06f
01c12083
01812403
ffc00513
02010113
00008067
ff010113
00200593
00112623
d0dff0ef
00055e63
01851793
4187d793
00c12083
00078513
01010113
00008067
00151713
00a707b3
00379793
00004717
ea870713
00f707b3
0147c683
00500713
ff000793
fce696e3
ae9ff0ef
00000793
fc1ff06f
fe010113
00812c23
00912a23
01212823
01312623
00112e23
00050913
00004497
e6448493
00000413
00400993
0144c783
00078a63
0084a783
01279663
00040513
a9dff0ef
00140413
01848493
ff3410e3
01c12083
01812403
01412483
01012903
00c12983
02010113
00008067
ff010113
00058513
00200593
00812423
00912223
00112623
00060493
00068413
c2dff0ef
00050793
fff00513
0407c263
00078513
00179793
00a787b3
00004717
dd870713
00379793
00f706b3
0146c603
00100693
02c6f863
00c78693
00d706b3
00478793
00d4a023
00f70733
00e42023
00c12083
00812403
00412483
01010113
00008067
fff00513
fe9ff06f
00300793
04a7ea63
00151793
00a787b3
00004717
d7870713
00379793
00f708b3
0148c303
00100813
00000513
02687863
00478513
00a70533
00a5a023
0088a583
00c78793
00f70733
00b62023
00e6a023
00080513
00008067
00000513
00008067
16058863
fc010113
02812c23
00452403
03312623
02112e23
00144783
00044703
02912a23
00879793
00e7e7b3
03212823
03412423
10000713
00050993
02e79a63
00444703
00600793
02f71463
00544603
00400793
00f61e63
00344783
00244703
00879793
00e7e7b3
00800713
02e78463
03812403
03c12083
03412483
03012903
02812a03
00098513
02c12983
04010113
fbcf906f
00058493
01810513
00e40593
00c12623
721010ef
00c12603
01840593
01c10513
711010ef
0004a703
00840793
00000913
0a070063
01812903
01c12683
40e90933
00193913
08d71663
00100a13
000a0693
00078613
01810593
00048513
00f12623
bcdff0ef
00744703
00644683
00c12783
00871713
00d76733
10000693
02d71663
020a0463
02091263
01e48693
00200893
01810813
00048713
00078613
00068593
00048513
8ddff0ef
00098513
f0cf90ef
03c12083
03812403
03412483
03012903
02c12983
02812a03
04010113
00008067
00000a13
00200693
f79ff06f
00008067
01e50693
00058813
00050713
00100893
00004797
c9078793
00004617
c9060613
00068593
87dff06f
fe010113
00812c23
00912a23
01212823
01312623
01412423
00112e23
00004417
b7040413
00000493
00500993
12b00a13
00400913
01444703
02070c63
03370a63
01245783
00178793
01079793
0107d793
00f41923
00fa6a63
00100613
00400693
02c71e63
04f6f463
00048513
f7cff0ef
00148493
01840413
fb249ee3
01c12083
01812403
01412483
01012903
00c12983
00812a03
02010113
00008067
00300793
00f71e63
00d40a23
fc9ff06f
00842503
00440593
f25ff0ef
fb9ff06f
fad71ae3
00200793
00f40a23
fa9ff06f
00161793
00c787b3
fe010113
00379793
00004817
ab080813
00812c23
00912a23
01212823
01312623
01412423
00112e23
00f80933
01494683
00c78493
00200713
00050413
00058993
009804b3
01e50a13
02e69463
01295703
11c00693
04e6fa63
00478793
00f805b3
ea5ff0ef
00051663
00300793
00f90a23
00040513
01812403
01c12083
01012903
00048693
000a0613
01412483
00812a03
00098593
00c12983
00001737
80070713
02010113
6f10006f
10d00693
fce6f2e3
00478793
00f80833
00100893
00004797
ae878793
00050713
000a0693
00048613
000a0593
ed0ff0ef
f8dff06f
02059c63
ff000513
00008067
ff000513
01c12083
01812403
01412483
01012903
00c12983
00812a03
00412a83
00012b03
02010113
00008067
fe010113
01212823
00050913
0005a503
01312623
00112e23
00812c23
00912a23
01412423
01512223
01612023
00058993
fa0502e3
00090593
00060493
06d000ef
f8051ae3
0009a783
0e000713
0f07f793
f8e782e3
00100593
00098513
f80ff0ef
00050413
00055863
01851513
41855513
f69ff06f
00151a93
00aa87b3
00004a17
928a0a13
00379793
00fa07b3
0147c703
00070a63
fff00513
04049663
00000b13
0100006f
00100b13
01678a23
0127a423
00098593
00090513
d39ff0ef
02051263
008a87b3
00379793
00fa07b3
0147c683
00100713
00e69663
000b1463
00079923
ee048ce3
008a86b3
00369693
00da07b3
0147c703
00100793
04e7f863
00003797
92878c23
00c68693
01812403
01c12083
00c12983
00412a83
00012b03
00da06b3
01e90613
00812a03
00048593
00090513
01412483
01012903
00001737
80070713
02010113
53d0006f
e8f718e3
00048793
00c7c703
04077713
00071c63
0007a783
fe0798e3
00048513
ef0f90ef
0200006f
00048613
28000593
00e00513
c05f90ef
00050493
fff00513
e40488e3
008a87b3
00379793
00fa07b3
0007a503
00050463
b28f90ef
008a8433
00341413
008a0433
00942023
00000513
e21ff06f
fe010113
00812c23
01212823
00050413
00058913
00050593
00062503
00912a23
00112e23
00060493
6c4000ef
16051463
0004a783
0e000713
0f07f693
06e69263
00100793
00f11423
05e00793
00f10523
0014c783
00810693
07f7f793
00f105a3
0024c783
00f10623
0034c783
00f106a3
00001737
80070713
01e40613
00090593
00040513
441000ef
01c12083
01812403
01412483
01012903
02010113
00008067
00042703
00442683
00e7c733
00d77733
02070263
01079793
00010737
0107d793
ea970713
00e78863
00842783
0c078a63
00840493
00002617
7a464603
00003717
70c70713
00161793
00c787b3
00379793
00f707b3
0147c683
00100713
02d76c63
00003797
6e878793
00100693
00400713
0147c603
04c6f663
0004a583
0047a603
04c59063
00002797
74a78a23
00050613
0100006f
0004a703
0047a783
fcf712e3
00040513
01812403
01c12083
01412483
00090593
01012903
02010113
bcdff06f
00150513
0ff57513
01878793
fae512e3
00040513
01812403
01c12083
00090613
00048593
01012903
01412483
02010113
c7dff06f
00003697
74868693
ed5ff06f
ffc00513
ee5ff06f
00050793
dfff5517
79052503
02050663
02554703
00500693
00577713
00d71c63
00052703
00070863
0007c703
07f00793
00f71463
00000513
00008067
fe010113
00812c23
00452403
00912a23
00112e23
01212823
01312623
01412423
01512223
00044983
00400793
00050493
0049d713
02f70a63
00048513
8ecf90ef
01c12083
01812403
01412483
01012903
00c12983
00812a03
00412a83
00000513
02010113
00008067
00344783
00244503
00058913
00879793
00a7e533
339000ef
0084d783
00f9f993
00299993
00050a13
00f57863
00050593
00048513
ae0f90ef
00a4d783
f937eae3
0084d783
f947e6e3
01300793
f937f2e3
01144703
01044783
01344503
00871713
00f76733
01244783
01851513
dfff5a17
6a8a0a13
01079793
00e7e7b3
00f56533
00aa2a23
00d44783
00c44703
0f057693
00879793
00e7e7b3
00e44703
01071713
00f76733
00f44783
01879793
00e7e7b3
00fa2823
02594783
0e000713
0017f793
0ce69a63
0c079063
00000a93
010a2503
00090593
3cc000ef
ee051ce3
010a2783
0e000713
0f07f793
eee784e3
ee0a82e3
00644783
00744703
03f7f793
00871713
00e7e7b3
ec0796e3
015a2023
012a2223
008a2423
00044783
00098593
00048513
00f7f793
00279793
00fa1623
f0df80ef
00944783
00600713
06e78e63
01100713
08e79263
00090593
00048513
8c5fe0ef
dfff5797
5c07a223
dfff5797
5c07a023
dfff5797
5a07ae23
dfff5797
5a079c23
dfff5797
5a07aa23
dfff5797
5a07a823
e59ff06f
00092783
f40780e3
00090a93
f3dff06f
f2078ae3
00092783
f20786e3
fef506e3
00090593
2f8000ef
f0050ee3
fddff06f
00090593
00048513
f69fb0ef
f91ff06f
00048513
ef9f80ef
f85ff06f
fc010113
03212823
03412423
02112e23
02812c23
02912a23
03312623
03512223
03612023
01712e23
01812c23
00050913
00080a13
1c060863
00058a93
01400593
00060993
00068493
00070b13
00078c13
e09f80ef
02050c63
ffe00513
03c12083
03812403
03412483
03012903
02c12983
02812a03
02412a83
02012b03
01c12b83
01812c03
04010113
00008067
00492403
00849693
0186e6b3
00940423
018404a3
00869493
4086d693
00d4e4b3
0009a683
016400a3
008b1b13
0186d713
00e409a3
04500713
0086d793
00e40023
00d40823
00f408a3
00895503
0106d793
01069693
0106d693
00f686b3
00f40923
00eb6b33
00db0b33
089000ef
00855793
01049493
00f401a3
00a40123
00040323
000403a3
00600793
0104d493
00050b93
0afc1863
00895703
04400793
0ae7e263
00000513
04d000ef
00855793
00a40223
00f402a3
016484b3
017484b3
00a484b3
0a0a9863
00003797
33c7a783
0087d713
0187d693
00f40623
00e406a3
0107d713
01079793
0107d793
009787b3
00f707b3
00e40723
0107d713
01079793
0107d793
00f70733
01075793
00e787b3
fff7c793
01079713
01075713
00f40523
00875793
00d407a3
00f405a3
010a2783
00098613
00090593
000a0513
000780e7
e95ff06f
00002517
29255503
7a8000ef
00855793
00f402a3
00002797
27e7d783
00a40223
00178793
00002717
26f71723
f49ff06f
000aa783
f59ff06f
00a55703
01300793
e4e7f6e3
00452683
00c10993
0116c783
0106c703
00879793
00e7e7b3
0126c703
01071713
00f76733
0136c783
01879793
00e7e7b3
00f12623
f71ff06f
00060a63
00058663
0005a883
00089463
00080593
da5ff06f
fd010113
02812423
00050413
00060513
02112623
00b12e23
00d12c23
00e12a23
00f12823
00c12623
b05ff0ef
02050863
00050813
00040513
02812403
01012783
01412703
01812683
00c12603
01c12583
02c12083
03010113
f91ff06f
02c12083
02812403
ffc00513
03010113
00008067
fff50693
ffd00713
00050793
04d76063
0255c503
00257513
02050c63
0005a703
00000513
02f70663
0045a683
00f74733
00d77733
00071e63
fff6c693
00f6f7b3
40d787b3
0017b513
00008067
00100513
00008067
ff010113
00112623
668000ef
02000713
800007b7
00f576b3
02068663
fff70713
0017d793
fe0718e3
00100513
00c12083
01010113
00008067
00a7f733
00071863
0017d793
fe079ae3
fe1ff06f
00000513
fddff06f
fb010113
05212023
03312e23
03512a23
03612823
03712623
03812423
03912223
03a12023
01b12e23
04112623
04812423
04912223
03412c23
00054403
00058913
00010993
00010b13
00900a93
03000b93
05800c13
01000c93
00500d13
01900d93
00800693
03700613
02e00813
00c10893
fd040793
0ff7f793
1efaee63
00a00a13
01741c63
00154403
0df47793
05878a63
00150513
00800a13
00150493
00000593
fd040793
0ff7f793
04fae463
00da1463
1c866263
000a0513
2e0010ef
008505b3
0004c403
fd058593
00800693
03700613
02e00813
00c10893
00148493
fc5ff06f
00254403
01000a13
00250513
fadff06f
059a1263
fdf47713
fbf70713
f9f40793
0ff77713
0ff7f793
02ed6663
00fdb7b3
40f007b3
fe07f793
00a40413
06178793
40f40433
00459593
00b465b3
0004c403
fa9ff06f
01041e63
13198e63
00498993
0004c403
00048513
feb9ae23
f25ff06f
0df47793
00078c63
ff740413
0ff47413
00400793
00000513
0287ee63
416989b3
4029d993
00198513
00300793
0cf50463
06a7c063
02050063
00200793
08f50a63
00090863
00058513
484000ef
00a92023
00100513
04c12083
04812403
04412483
04012903
03c12983
03812a03
03412a83
03012b03
02c12b83
02812c03
02412c83
02012d03
01c12d83
05010113
00008067
00400793
faf516e3
0ff00613
00000513
fab66ae3
00012783
faf666e3
00412683
fad662e3
00812703
f8e66ee3
01879793
01069693
00d7e7b3
00871713
0500006f
010007b7
00000513
f6f5fee3
00012783
0ff00713
f6f768e3
01879793
00f5e5b3
f51ff06f
000107b7
00000513
f4f5fce3
00012783
0ff00693
f4f6e6e3
00412703
f4e6e2e3
01879793
01071713
00e7e7b3
fcdff06f
00000513
f2dff06f
fe010113
00c10593
00112e23
d79ff0ef
00050a63
00c12503
01c12083
02010113
00008067
fff00513
ff1ff06f
00052783
fc010113
02812c23
02912a23
03412423
03512223
01712e23
01912a23
01a12823
02112e23
03212823
03312623
03612023
01812c23
00058413
00060a93
00f12623
00058b93
00000a13
00c10493
00900c93
0ff00d13
0004c983
00000b13
00a00593
00098513
13c010ef
0ff57913
00a00593
00098513
124010ef
000b0793
01078713
00270733
03090913
00098c13
001b0b13
ff270c23
0ff57993
0ffb7b13
fd8ce0e3
00048023
000a0693
000b8713
001a0a13
07a79063
0956d463
02e00793
00f70023
00148493
01010793
00170b93
f8f494e3
00070023
00040513
03c12083
03812403
03412483
03012903
02c12983
02812a03
02412a83
02012b03
01c12b83
01812c03
01412c83
01012d03
04010113
00008067
fff78613
0ff67613
0356d263
01078793
002787b3
ff87c783
00170713
000a0693
fef70fa3
00060793
f75ff06f
00000513
f99ff06f
01000613
00003597
d0c58593
eadff06f
00a55703
ff010113
00812423
00112623
00912223
01212023
00e00793
00050413
06e7fa63
00452503
00058493
00d54903
00c54783
00891913
00f96933
00f44783
00079863
0285c783
00178793
00f407a3
00054783
0017f713
02070663
00100713
04e79063
00154783
00079e63
00254703
05e00793
00f71863
00d44783
0107e793
00f406a3
00800793
02f90c63
60800793
06f90a63
00040513
ee0f80ef
04c0006f
00600613
00003597
ca458593
669000ef
fc051ae3
00d44783
0087e793
fc5ff06f
0254c783
0087f793
fc0786e3
00e00593
00040513
e1cf80ef
fa051ee3
00048593
00040513
d6cff0ef
00c12083
00812403
00412483
00012903
00000513
01010113
00008067
0254c783
0087f793
f80784e3
00e00593
00040513
dd8f80ef
f6051ce3
00048593
00040513
e05fe0ef
fbdff06f
fe010113
01212823
00050913
00070513
00812c23
00912a23
01412423
01512223
00058493
00112e23
01312623
00060a13
00068a93
0a0000ef
00050413
00e00593
00048513
d6cf80ef
06051263
0044a983
000a8593
00600613
00898623
00845413
008986a3
00098513
559000ef
00600613
000a0593
00c98533
549000ef
01812403
01492783
01c12083
00c12983
00812a03
00412a83
00048593
00090513
01412483
01012903
02010113
00078067
01c12083
01812403
01412483
01012903
00c12983
00812a03
00412a83
ffe00513
02010113
00008067
00855793
00851513
00a7e533
01051513
01055513
00008067
01855713
01851793
00e7e7b3
00ff06b7
00851713
00d77733
00e7e7b3
00010737
f0070713
00855513
00e57533
00a7e533
00008067
fe010113
00812c23
00050413
00058513
00912a23
01312623
00112e23
01212823
00058993
00060493
3c1000ef
04050463
00050913
009404b3
00044783
00078663
01240733
00e4f663
00000413
0280006f
0009c703
00f70663
00140413
fddff06f
00090613
00098593
00040513
341000ef
fe0514e3
01c12083
00040513
01812403
01412483
01012903
00c12983
02010113
00008067
01900813
00054703
0005c783
00150513
00158593
00f70e63
02076613
f9f60693
0ff6f693
00d86c63
0207e793
00f61863
fc071ae3
00000513
00008067
00100513
00008067
fff60613
00000793
01900313
00f50733
00074683
00f58733
00074703
00e68e63
0206e893
f9f88813
0ff87813
03036063
02076713
00e89c63
00c78663
00178793
fc0696e3
00000513
00008067
00100513
00008067
fe010113
00812c23
00050413
00058513
00912a23
01312623
00112e23
01212823
00058993
00060493
295000ef
02050063
00050913
009404b3
00044783
00078663
012407b3
02f4f463
00000413
01c12083
00040513
01812403
01412483
01012903
00c12983
02010113
00008067
00090613
00098593
00040513
f35ff0ef
fc0508e3
00140413
fb5ff06f
fe010113
01212823
01312623
00112e23
00812c23
00912a23
01412423
00100793
00050913
00058993
02b7e663
00f59463
00090023
01c12083
01812403
01412483
01012903
00c12983
00812a03
02010113
00008067
00050a13
00065863
02d00793
00150a13
00f50023
41f65793
fff98493
009904b3
00c7c433
40f40433
00048023
02040a63
fa9a76e3
00a00593
00040513
449000ef
03050513
fea48fa3
00a00593
00040513
42d000ef
fff48493
00050413
fd1ff06f
0004c783
00079a63
03000793
00fa0023
000a00a3
f6dff06f
01390633
01812403
01c12083
01012903
00c12983
40960633
00048593
000a0513
01412483
00812a03
02010113
e2cf706f
00050713
00000793
00000513
00c79463
00008067
00f706b3
00f58833
0006c683
00084803
00178793
0106c6b3
00d56533
fddff06f
00157693
00000793
00068e63
00000713
02b05863
00054783
fff58593
00150513
00879793
00000713
00100613
06b64063
00c59863
00054603
f007f793
00c7e7b3
00e787b3
0107d713
01079793
0107d793
00f707b3
0107d513
01079793
0107d793
00f50533
00068e63
00851793
01079793
00855513
0107d793
0ff57513
00a7e533
01051513
01055513
00008067
00055803
00250513
ffe58593
01070733
f91ff06f
0006a783
00072683
fe010113
00812c23
01069713
01075713
0106d693
00d70733
01079693
0106d693
00d70733
0107d793
00e787b3
0107d713
01079793
0107d793
00f707b3
0107d413
01079793
0107d793
00912a23
01212823
01312623
01512223
00112e23
01412423
00050993
00058493
00060913
00f40433
00000a93
08099663
000a8e63
00841793
01079793
00845413
0107d793
0ff47413
0087e433
00048513
b91ff0ef
00050493
00090513
b85ff0ef
00a48533
00850533
01055793
01051513
01055513
00a787b3
0107d513
01079793
0107d793
01c12083
01812403
00f50533
fff54513
01051513
01412483
01012903
00c12983
00812a03
00412a83
01055513
02010113
00008067
00a9da03
0049a503
000a0593
e4dff0ef
00850533
01055413
01051513
01055513
001a7a13
00a40433
020a0063
00841793
01079793
00845413
0107d793
0ff47413
001aca93
0087e433
0009a983
f29ff06f
ea9ff06f
fd010113
01312e23
00068993
0007a683
00072703
02812423
01069793
0107d793
0106d693
00d787b3
01071693
0106d693
00d787b3
01075713
00f70733
01075793
01071713
01075713
00e787b3
0107d413
01079793
0107d793
02912223
03212023
01412c23
01712623
02112623
01512a23
01612823
00050a13
00058493
00060913
00f40433
00000b93
060a1e63
0e0b9663
00048513
a41ff0ef
00050493
00090513
a35ff0ef
00a48533
00850533
01055793
01051513
01055513
00a787b3
0107d513
01079793
0107d793
02c12083
02812403
00f50533
fff54513
01051513
02412483
02012903
01c12983
01812a03
01412a83
01012b03
00c12b83
01055513
03010113
00008067
f80984e3
00aa5b03
000b0a93
0169f463
00098a93
004a2503
010a9a93
010ada93
000a8593
cddff0ef
00850533
01055413
41598ab3
01051513
010a9993
01055513
001b7b13
0109d993
00a40433
020b0063
00841793
01079793
00845413
0107d793
0ff47413
001bcb93
0087e433
000a2a03
f15ff06f
00841793
01079793
00845413
0107d793
0ff47413
0087e433
f01ff06f
e6dff06f
ff010113
00112623
c65ff0ef
00c12083
fff54513
01051513
01055513
01010113
00008067
fe010113
00812c23
00912a23
01312623
00112e23
01212823
00050493
00000993
00000413
04049463
00098e63
00841793
01079793
00845413
0107d793
0ff47413
0087e433
01c12083
fff44513
01812403
01051513
01412483
01012903
00c12983
01055513
02010113
00008067
00a4d903
0044a503
00090593
bd1ff0ef
00850533
01055413
01051513
01055513
00197913
00a40433
02090063
00841793
01079793
00845413
0107d793
0ff47413
0019c993
0087e433
0004a483
f6dff06f
00001717
36872703
00474783
0027f793
fe078ce3
00574503
00008067
00a00713
00001797
3487a783
00e51c63
0047c703
00177713
fe071ce3
00d00713
00e782a3
0047c703
00177713
fe071ce3
0ff57713
00e782a3
00070513
00008067
fd010113
02812423
02912223
03212023
01512a23
01612823
01712623
02112623
01312e23
01412c23
00050913
00058493
00050413
00a00a93
00d00b13
00800b93
fff48493
00048a13
04049663
00a00513
f71ff0ef
00040023
40890433
00803433
40800433
00897533
02c12083
02812403
02412483
02012903
01c12983
01812a03
01412a83
01012b03
00c12b83
03010113
00008067
f11ff0ef
00050993
fb5508e3
fb6506e3
f1dff0ef
01799c63
f8890ae3
fe040fa3
000a0493
fff40413
fd9ff06f
01340023
00140413
f79ff06f
ff010113
00812423
00112623
00050413
00051663
00001417
cd040413
00044503
00051a63
00c12083
00812403
01010113
00008067
00140413
ebdff0ef
fe1ff06f
ff010113
00112623
fb9ff0ef
00c12083
00a00513
01010113
e9dff06f
fa010113
04812c23
05312623
00050413
00058993
01100613
00001597
c7858593
00c10513
04112e23
04912a23
05212823
05412423
390000ef
00a00793
00f99a63
00045863
02d00513
e51ff0ef
40800433
00000493
00a00a13
00098593
00040513
4c0000ef
04050793
00278533
fcc54703
04048793
002787b3
00040513
fee78023
00098593
494000ef
00148913
00050413
07498263
04090793
00098593
00278933
480000ef
04050793
00278533
fcc54783
00098593
00040513
fef90023
45c000ef
00248493
00050413
f80418e3
02010413
02049663
05c12083
05812403
05412483
05012903
04c12983
04812a03
06010113
00008067
00090493
fd1ff06f
fff48493
009407b3
0007c503
d91ff0ef
fc5ff06f
fb010113
04f12223
03410793
02812423
02912223
03212023
01312e23
01412c23
02112623
00050413
02b12a23
02c12c23
02d12e23
04e12023
05012423
05112623
00f12623
02500493
07300913
07800993
06400a13
00044503
02051263
02c12083
02812403
02412483
02012903
01c12983
01812a03
05010113
00008067
06951663
00144503
03251263
00c12783
0007a503
00478713
00e12623
dfdff0ef
00140413
00140413
fb1ff06f
03351063
00c12783
01000593
00478713
00e12623
0007a503
e31ff0ef
fd9ff06f
01451c63
00c12783
00a00593
00478713
00e12623
fe1ff06f
ca9ff0ef
fb9ff06f
ca1ff0ef
fb5ff06f
00050693
04051063
00000513
00008067
02b78663
fd078793
00351713
00e78733
00151793
00f70533
00168693
0006c783
fe0790e3
02061063
00008067
00100613
fe9ff06f
00000613
00000513
02d00593
fddff06f
40a00533
00008067
00050693
00000513
02069a63
00008067
00451713
00f66e63
fd078793
00e78533
00168693
0006c783
fe0794e3
00008067
05f7f793
fc978793
fe5ff06f
03900613
fe5ff06f
fff60613
00000793
00c78e63
00f58733
00074703
00f506b3
00178793
00e68023
fe0714e3
00008067
fff00613
fd5ff06f
fff60613
00000793
00f50733
00074683
00f58733
00074703
00c78a63
00068863
00070663
00178793
fee680e3
40e68533
00008067
fff00613
fc9ff06f
00050793
00078863
0007c703
00178693
00071663
40a78533
00008067
00068793
fe5ff06f
fe010113
00812c23
00050413
00058513
01212823
01312623
00112e23
00912a23
00058913
fb9ff0ef
00050993
00041863
00001417
e5c42403
02040a63
00040493
0004c783
02078063
00098613
00090593
00048513
f4dff0ef
00148793
02051863
00048023
00001717
e2f72423
01c12083
00040513
01812403
01412483
01012903
00c12983
02010113
00008067
00078493
fb1ff06f
00000793
00c79463
00008067
00f58733
00074683
00f50733
00178793
00d70023
fe5ff06f
00c58633
00c59663
00000513
00008067
00054683
0005c703
00158593
00150793
fee696e3
00078513
fddff06f
00c50633
00050793
00c79463
00008067
00178793
feb78fa3
ff1ff06f
00050793
00b56863
00058713
00070793
00050593
00000513
01c0006f
0017f713
40e00733
00b77733
00e50533
00159593
0017d793
fe0794e3
00008067
ff010113
00912223
00112623
00812423
00000493
00055663
40a00533
00100493
00000413
0005d663
40b005b3
00100413
f95ff0ef
00848463
40a00533
00c12083
00812403
00412483
01010113
00008067
00050813
00100793
00058513
00059a63
00008067
00054863
00179793
00151513
ff056ae3
00050693
00000713
00080513
00050463
00079863
fc060ce3
00070513
00008067
00d56663
40d50533
00f70733
0017d793
0016d693
fd9ff06f
00100613
fa1ff06f
00000613
f99ff06f
06058c63
ff010113
00812423
00912223
00112623
01212023
00060413
00000493
00055663
40a00533
00100493
00000913
0005d663
40b005b3
00100913
00040613
f55ff0ef
00050593
00040863
01248863
40b005b3
0080006f
fe049ce3
00c12083
00812403
00412483
00012903
00058513
01010113
00008067
00058513
00008067
00100613
f7dff06f
00000613
f75ff06f
6f6c7766
72656461
70637420
72726520
0a64253d
00000000
6164696c
6d697372
70637420
6e6f6320
6c6f7274
72726520
0a64253d
00000000
6164696c
6d697372
20787420
206f6f74
3d676962
000a6425
6164696c
6d697372
20787420
67617473
72652065
78253d72
0000000a
6164696c
6d697372
20787420
6c696166
61747320
3d737574
000a7825
6164696c
6d697372
0a6b6f20
0000003e
6164696c
6d697372
67666320
63616d20
0000003d
00007825
3d706920
252e6425
64252e64
2064252e
61746164
2064253d
3d646d63
64206425
6f637369
79726576
2064253d
65646f6d
31523d6c
465f3032
20454b41
703d7766
73756765
000a315f
6164696c
6d697372
74656e20
6e6f635f
20676966
75657571
000a6465
6f6c7766
72656461
616c6620
69206873
61662064
000a6c69
6f6c7766
72656461
67656220
6d206e69
3d6b636f
66206425
6873616c
3d64695f
78257825
68207825
253d7264
70662064
253d6167
72632064
78253d63
0000000a
6f6c7766
72656461
7a697320
696d2065
74616d73
67206863
253d746f
78652064
64253d70
0000000a
6f6c7766
72656461
63726320
73696d20
6374616d
6f672068
78253d74
70786520
0a78253d
00000000
6f6c7766
72656461
72657620
20796669
64616572
69616620
00000a6c
6f6c7766
72656461
616c6620
63206873
6d206372
616d7369
20686374
3d746f67
65207825
253d7078
00000a78
6f6c7766
72656461
646e6520
206b6f20
65747962
64253d73
63726320
2078253d
73616c66
72635f68
78253d63
0000000a
6f6c7766
72656461
6f6f6220
00000a74
6f6c7766
72656461
72747320
206d6165
6d757363
69616620
6d63206c
64253d64
0000000a
6f6c7766
72656461
20787220
7265766f
776f6c66
0000000a
6164696c
6d697372
72657320
206c6169
726f7473
61662065
000a6c69
6164696c
6d697372
70647520
646d6320
2078253d
253d7772
65722064
3d796c70
65206425
253d7272
00000a64
6164696c
6d697372
70637420
646d6320
2078253d
253d7772
65722064
3d796c70
65206425
253d7272
00000a64
6164696c
6d697372
74656e20
66206669
0a6c6961
00000000
6164696c
6d697372
70647520
73696420
65766f63
62207972
3d646e69
70206425
3d74726f
000a6425
6164696c
6d697372
70647520
6d6f6320
646e616d
6e696220
64253d64
726f7020
64253d74
0000000a
6164696c
6d697372
70637420
74616420
696c2061
6e657473
2064253d
74726f70
0a64253d
00000000
6164696c
6d697372
70637420
6d6f6320
646e616d
73696c20
3d6e6574
70206425
3d74726f
000a6425
6f6c7766
72656461
70637420
73696c20
3d6e6574
70206425
3d74726f
000a6425
00006b6f
54504d45
00000059
6164696c
6d697372
61747320
000a7472
6f6c7766
72656461
6d697320
0a6b6f20
00000000
6f6c7766
72656461
6d697320
69616620
7473206c
73757461
0a64253d
00000000
776f6873
00000000
00676663
73616c66
00646968
64697766
00000000
6f6c7766
72656461
616c6620
695f6873
00003d64
3d6b6f20
00000a31
3d6b6f20
00000a30
00687465
20687465
253d7473
78742078
253d7473
74732078
6b616572
0a64253d
00000000
66756270
6f6f7020
7325206c
0000000a
66756270
6d617220
0a732520
00000000
77726464
00006e69
00782520
0000000a
0063616d
6164696c
6d697372
67666320
64616220
63616d20
0000000a
00007069
6164696c
6d697372
67666320
64616220
0a706920
00000000
6164696c
6d697372
67666320
6b6e7520
6e776f6e
0000000a
6164696c
6d697372
67666320
6e696c20
6f742065
6f6c206f
000a676e
6164696c
6d697372
6c657320
65682d66
23206c61
000a6425
6164696c
6d697372
20787220
706f7264
6e656c20
2064253d
74617473
253d7375
00000a78
6164696c
6d697372
20787220
70206f6e
20667562
3d6e656c
64206425
6e696172
0a2e2e2e
00000000
6164696c
6d697372
20787220
69617264
6f64206e
000a656e
6164696c
6d697372
706e6920
65207475
253d7272
00000a64
6f6c7766
72656461
61726520
61206573
74726f62
6f6e203a
6e6f6320
00000a6e
6f6c7766
72656461
61726520
66206573
206c6961
72646461
0a78253d
00000000
6f6c7766
72656461
61726520
64206573
20656e6f
657a6973
0a64253d
00000000
46554250
4f4f505f
0000004c
46554250
4645525f
4d4f522f
00000000
5f535953
454d4954
0054554f
5f504354
00474553
5f504354
5f424350
5453494c
00004e45
5f504354
00424350
5f504455
00424350
534f4c43
00004445
5f4e5953
544e4553
00000000
5f4e5953
44564352
00000000
41545345
53494c42
00444548
5f4e4946
54494157
0000315f
5f4e4946
54494157
0000325f
534f4c43
41575f45
00005449
534f4c43
00474e49
5453414c
4b43415f
00000000
454d4954
4941575f
00000054
4c554e28
0000294c
33323130
37363534
62613938
66656463
00000000
ffff43a0
ffff43bc
ffff4490
ffff4490
ffff4490
ffff4490
ffff43d8
ffff4490
ffff4490
ffff4444
ffff4458
ffff4490
ffff4490
ffff4490
ffff4490
ffff4490
ffff43e8
ffff4500
ffff4114
ffff4114
ffff4114
ffff4114
ffff4114
ffff4114
ffff4114
ffff4114
ffff4114
ffff4114
ffff4114
ffff4114
ffff4114
ffff4548
ffff4548
ffff4114
ffff4114
ffff4114
ffff4114
ffff4114
ffff4114
ffff4114
ffff4114
ffff4114
ffff4114
ffff4114
ffff4114
ffff4114
ffff4114
ffff4558
ffff4570
ffff4558
ffff4570
ffff457c
ffff4598
ffff45b0
ffff45c0
ffff4114
ffff45ec
ffff45f8
ffff4634
ffff4634
ffff4634
ffff4634
ffff4634
ffff45d8
ffff45e4
ffff459c
ffff45c4
ffff4054
ffff4054
ffff4054
ffff4054
ffff4618
ffff4640
ffff4054
ffff4054
ffff45f4
ffff4544
ffff4054
ffff4054
ffff4054
ffff4054
ffff4054
ffff4054
ffff4054
ffff464c
ffff4690
ffff4568
494cfeff
5f524144
53514552
ff110100
0000009b
4144494c
45525f52
00005053
30323152
4b41465f
00000045
00000000
00001000
00100000
01000000
20202020
20202020
20202020
20202020
28202020
463e3730
645c554e
737a736c
555c646c
323d464e
10131e28
100d0a0d
32281e13
554e463d
736c645c
646c737a
464e555c
2830373e
20202020
20202020
20202020
20202020
20202020
22202020
26242422
2a282826
2e2c2c2a
3030302e
2c2c2e2e
35322e2a
43403c38
524e4a46
5b5b5b56
5b5b5b5b
5b5b5b5b
52565b5b
43464a4e
35383c40
2c2a2e32
302e2e2c
2e2e3030
2a2a2c2c
26262828
22222424
20202020
ffffffff
ffffffff
ffffffff
ffffffff
ffffffff
ffffffff
ffffffff
ffffffff
ffffffff
ffffffff
ffffffff
ffffffff
ffffffff
ffffffff
ffffffff
ffffffff
ffffffff
ffffffff
ffffffff
ffffffff
ffffffff
ffffffff
ffffffff
ffffffff
ffffffff
ffffffff
ffffffff
884564ff
ae329d39
972bbd2e
ac74d47b
e972ae26
ef23a376
ef23f023
e976a323
ac26ae72
977bd474
ae2ebd2b
88399d32
ffff6445
ffffffff
ffffffff
ffffffff
ffffffff
ffffffff
0000e684
0000e674
0000e664
0000e654
0000e644
0000e634
0000e624
0000e22c
00040290
e0000a98
0000e7cc
0000e238
00060010
e00014dc
0000e7d0
0000e248
00060010
e000187c
0000e7d4
0000e254
00080010
e0000a14
0000e7d8
0000e25c
00030020
e0001540
0000e7dc
0000e26c
0004009c
e0001608
0000e7e0
0000e274
00030020
e00015a4
0000e7e4
000000fa
00007104
000003e8
0000bc00
e00018f0
e00018f4
e00018e8
e00018f8
04030201
07070605
07070707
00000007
0000e27c
0000e264
0000e284
0000e290
0000e29c
0000e2a8
0000e2b4
0000e2c0
0000e2cc
0000e2d4
0000e2e0
ffffa628
ffffa69c
ffffa7e4
ffffa7f0
ffffa8cc
ffffa7e4
ffffa914
ffffa964
20202002
a8c00120
fffff002
a8c000ff
a8c00102
00009202
0000c3b4
0000c3b4
0000c3b5
0000c3b5
0000c3b7
00000000
00000000
00000000
00000000
00000000
00000000
00000000
00000000
00000000
00000000
00000000
00000000
00000000
00000000
00000000
00000000
00000000
00000000
00000000
00000000
00000000
00000000
00000000
00000000
00000000
00000000
00000000
00000000
00000000
00000000
00000000
00000000
00000000
00000000
00000000
00000000
00000000
00000000
00000000
00000000
00000000
00000000
00000000
00000000
00000000
00000000
00000000
00000000
00000000
00000000
00000000
00000000
00000000
00000000
00000000
00000000
00000000
00000000
00028c58
000061a8
000001f4
00000003
00000096
0000001b
41a00000
0000196e
c000c000
40000000
00002641
73697200
01007663
0000001c
33767205
70326932
697a5f31
32727363
08003070
000b0a01
00000000
0000ef3c
00003734
e0004000
ffffffff
00000000
00000000
00000000
00000000
00000000
00000000
00000000
00000000
00000000
00000000
00000000
00000000
00000000
00000000
00000000
00000000
00000000
00000000
00000000
00000000
00000000
00000000
00000000
00000000
00000000
00000000
00000000
00000000
00000000
00000000
00000000
00000000
00000000
00000000
00000000
00000000
00000000
00000000
00000000
00000000
00000000
00000000
00000000
00000000
00000000
00000000
00000000
00000000
00000000
00000000
00000000
00000000
00000000
00000000
00000000
00000000
00000000
00000000
00000000
00000000
00000000
00000000
00000000
00000000
00000000
00000000
00000000
00000000
00000000
00000000
00000000
00000000
00000000
00000000
00000000
00000000
00000000
00000000
00000000
00000000
00000000
00000000
00000000
00000000
00000000
00000000
00000000
00000000
00000000
00000000
00000000
00000000
00000000
00000000
00000000
00000000
00000000
00000000
00000000
00000000
00000000
00000000
00000000
00000000
00000000
00000000
00000000
00000000
00000000
00000000
00000000
00000000
00000000
00000000
00000000
00000000
00000000
00000000
00000000
00000000
00000000
00000000
00000000
00000000
00000000
00000000
00000000
00000000
00000000
00000000
00000000
00000000
00000000
00000000
00000000
00000000
00000000
00000000
00000000
00000000
00000000
00000000
00000000
00000000
00000000
00000000
00000000
00000000
00000000
00000000
00000000
00000000
00000000
00000000
00000000
00000000
00000000
00000000
00000000
00000000
00000000
00000000
00000000
00000000
00000000
00000000
00000000
00000000
00000000
00000000
00000000
00000000
00000000
00000000
00000000
00000000
00000000
00000000
00000000
00000000
00000000
00000000
00000000
00000000
00000000
00000000
00000000
00000000
00000000
00000000
00000000
00000000
00000000
00000000
00000000
00000000
00000000
00000000
00000000
00000000
00000000
00000000
00000000
00000000
00000000
00000000
00000000
00000000
00000000
00000000
00000000
00000000
00000000
00000000
00000000
00000000
00000000
00000000
00000000
00000000
00000000
00000000
00000000
00000000
00000000
00000000
00000000
00000000
00000000
00000000
00000000
00000000
00000000
00000000
00000000
00000000
00000000
00000000
00000000
00000000
00000000
00000000
00000000
00000000
00000000
00000000
00000000
00000000
00000000
00000000
00000000
00000000
00000000
00000000
00000000
00000000
00000000
00000000
00000000
00000000
00000000
00000000
00000000
00000000
00000000
00000000
00000000
00000000
00000000
00000000
00000000
00000000
00000000
00000000
00000000
00000000
00000000
00000000
00000000
00000000
00000000
00000000
00000000
00000000
00000000
00000000
00000000
00000000
00000000
00000000
00000000
00000000
00000000
00000000
00000000
00000000
00000000
00000000
00000000
00000000
00000000
00000000
00000000
00000000
00000000
00000000
00000000
00000000
00000000
00000000
00000000
00000000
00000000
00000000
00000000
00000000
00000000
00000000
00000000
00000000
00000000
00000000
00000000
00000000
00000000
00000000
00000000
00000000
00000000
00000000
00000000
00000000
00000000
00000000
00000000
00000000
00000000
00000000
00000000
00000000
00000000
00000000
00000000
00000000
00000000
00000000
00000000
00000000
00000000
00000000
00000000
00000000
00000000
00000000
00000000
00000000
00000000
00000000
00000000
00000000
00000000
00000000
00000000
00000000
00000000
00000000
00000000
00000000
00000000
00000000
00000000
00000000
00000000
00000000
00000000
00000000
00000000
00000000
00000000
00000000
00000000
00000000
00000000
00000000
00000000
00000000
00000000
00000000
00000000
00000000
00000000
00000000
00000000
00000000
00000000
00000000
00000000
00000000
00000000
00000000
00000000
00000000
00000000
00000000
00000000
00000000
00000000
00000000
00000000
00000000
00000000
00000000
00000000
00000000
00000000
00000000
00000000
00000000
00000000
00000000
00000000
00000000
00000000
00000000
00000000
00000000
00000000
00000000
00000000
00000000
00000000
00000000
00000000
00000000
00000000
00000000
00000000
00000000
00000000
00000000
00000000
00000000
00000000
00000000
00000000
00000000
00000000
00000000
00000000
00000000
00000000
00000000
00000000
00000000
00000000
00000000
00000000
00000000
00000000
00000000
00000000
00000000
00000000
00000000
00000000
00000000
00000000
00000000
00000000
00000000
00000000
00000000
00000000
00000000
00000000
00000000
00000000
00000000
00000000
00000000
00000000
00000000
00000000
00000000
00000000
00000000
00000000
00000000
00000000
00000000
00000000
00000000
00000000
00000000
00000000
00000000
00000000
00000000
00000000
00000000
00000000
00000000
00000000
00000000
00000000
00000000
00000000
00000000
00000000
00000000
00000000
00000000
00000000
00000000
00000000
00000000
00000000
00000000
00000000
00000000
00000000
00000000
00000000
00000000
00000000
00000000
00000000
00000000
00000000
00000000
00000000
00000000
00000000
00000000
00000000
00000000
00000000
00000000
00000000
00000000
00000000
00000000
00000000
00000000
00000000
00000000
00000000
00000000
00000000
00000000
00000000
00000000
00000000
00000000
00000000
00000000
00000000
00000000
00000000
00000000
00000000
00000000
00000000
00000000
00000000
00000000
00000000
00000000
00000000
00000000
00000000
00000000
00000000
00000000
00000000
00000000
00000000
00000000
00000000
00000000
00000000
00000000
00000000
00000000
00000000
00000000
00000000
00000000
00000000
00000000
00000000
00000000
00000000
00000000
00000000
00000000
00000000
00000000
00000000
00000000
00000000
00000000
00000000
00000000
00000000
00000000
00000000
00000000
00000000
00000000
00000000
00000000
00000000
00000000
00000000
00000000
00000000
00000000
00000000
00000000
00000000
00000000
00000000
00000000
00000000
00000000
00000000
00000000
00000000
00000000
00000000
00000000
00000000
00000000
00000000
00000000
00000000
00000000
00000000
00000000
00000000
00000000
00000000
00000000
00000000
00000000
00000000
00000000
00000000
00000000
00000000
00000000
00000000
00000000
00000000
00000000
00000000
00000000
00000000
00000000
00000000
00000000
00000000
00000000
00000000
00000000
00000000
00000000
00000000
00000000
00000000
00000000
00000000
00000000
00000000
00000000
00000000
00000000
00000000
00000000
00000000
00000000
00000000
00000000
00000000
00000000
00000000
00000000
00000000
00000000
00000000
00000000
00000000
00000000
00000000
00000000
00000000
00000000
00000000
00000000
00000000
00000000
00000000
00000000
00000000
00000000
00000000
00000000
00000000
00000000
00000000
00000000
00000000
00000000
00000000
00000000
00000000
00000000
00000000
00000000
00000000
00000000
00000000
00000000
00000000
00000000
00000000
00000000
00000000
00000000
00000000
00000000
00000000
00000000
00000000
00000000
00000000
00000000
00000000
00000000
00000000
00000000
00000000
00000000
00000000
00000000
00000000
00000000
00000000
00000000
00000000
00000000
00000000
00000000
00000000
00000000
00000000
00000000
00000000
00000000
00000000
00000000
00000000
00000000
00000000
00000000
00000000
00000000
00000000
00000000
00000000
00000000
00000000
00000000
00000000
00000000
00000000
00000000
00000000
00000000
00000000
00000000
00000000
00000000
00000000
00000000
00000000
00000000
00000000
00000000
00000000
00000000
00000000
00000000
00000000
00000000
00000000
00000000
00000000
00000000
00000000
00000000
00000000
00000000
00000000
00000000
00000000
00000000
00000000
00000000
00000000
00000000
00000000
00000000
00000000
00000000
00000000
00000000
00000000
00000000
00000000
00000000
00000000
00000000
00000000
00000000
00000000
00000000
00000000
00000000
00000000
00000000
00000000
00000000
00000000
00000000
00000000
00000000
00000000
43470000
28203a43
29554e47
2e343120
00302e32
00002441
73697200
01007663
0000001a
72051004
69323376
5f317032
7363697a
30703272
00244100
69720000
00766373
00001a01
05100400
32337672
31703269
63697a5f
70327273
24410030
72000000
76637369
001a0100
10040000
33767205
70326932
697a5f31
32727363
41003070
00000024
63736972
1a010076
04000000
76720510
32693233
7a5f3170
72736369
00307032
00002441
73697200
01007663
0000001a
72051004
69323376
5f317032
7363697a
30703272
00244100
69720000
00766373
00001a01
05100400
32337672
31703269
63697a5f
70327273
24410030
72000000
76637369
001a0100
10040000
33767205
70326932
697a5f31
32727363
41003070
00000024
63736972
1a010076
04000000
76720510
32693233
7a5f3170
72736369
00307032
180c0603
41786030
00000024
63736972
1a010076
04000000
76720510
32693233
7a5f3170
72736369
00307032
00000000
00000000
00000000
00000000
00002441
73697200
01007663
0000001a
72051004
69323376
5f317032
7363697a
30703272
00244100
69720000
00766373
00001a01
05100400
32337672
31703269
63697a5f
70327273
24410030
72000000
76637369
001a0100
10040000
33767205
70326932
697a5f31
32727363
00003070
00000000
00000000
00000000
00000000
00000000
00000000
00000000
00000000
00000000
00000000
00000000
00000000
00000000
00000000
00000000
00000000
00000000
00000000
00000000
00000000
00000000
00000000
00000000
00000000
00002441
73697200
01007663
0000001a
72051004
69323376
5f317032
7363697a
30703272
00244100
69720000
00766373
00001a01
05100400
32337672
31703269
63697a5f
70327273
00000030
00000000
00000000
00000000
00000000
ffffffff
00000000
00002441
73697200
01007663
0000001a
72051004
69323376
5f317032
7363697a
30703272
00000000
00000000
00000000
ffffffff
2441ffff
72000000
76637369
001a0100
10040000
33767205
70326932
697a5f31
32727363
41003070
00000024
63736972
1a010076
04000000
76720510
32693233
7a5f3170
72736369
00307032
00002441
73697200
01007663
0000001a
72051004
69323376
5f317032
7363697a
30703272
00244100
69720000
00766373
00001a01
05100400
32337672
31703269
63697a5f
70327273
24410030
72000000
76637369
001a0100
10040000
33767205
70326932
697a5f31
32727363
41003070
00000028
63736972
1e010076
04000000
76720510
32693233
7a5f3170
72736369
00307032
0b0a0108
00002441
73697200
01007663
0000001a
72051004
69323376
5f317032
7363697a
30703272
00244100
69720000
00766373
00001a01
05100400
32337672
31703269
63697a5f
70327273
00000030
